/*
SQLyog Enterprise - MySQL GUI v7.1 
MySQL - 5.5.34 : Database - hr_proll
*********************************************************************
*/

/*!40101 SET NAMES utf8 */;

/*!40101 SET SQL_MODE=''*/;

/*!40014 SET @OLD_FOREIGN_KEY_CHECKS=@@FOREIGN_KEY_CHECKS, FOREIGN_KEY_CHECKS=0 */;
/*!40101 SET @OLD_SQL_MODE=@@SQL_MODE, SQL_MODE='NO_AUTO_VALUE_ON_ZERO' */;

CREATE DATABASE /*!32312 IF NOT EXISTS*/`hr_proll` /*!40100 DEFAULT CHARACTER SET utf8 */;

USE `hr_proll`;

/*Table structure for table `advance_pay_recv` */

DROP TABLE IF EXISTS `advance_pay_recv`;

CREATE TABLE `advance_pay_recv` (
  `id` int(11) NOT NULL AUTO_INCREMENT,
  `payOrReceive` int(11) DEFAULT NULL,
  `transaction_date` date DEFAULT NULL,
  `employee_id` int(11) DEFAULT NULL,
  `adv_pay_type` int(11) DEFAULT NULL,
  `title` varchar(255) DEFAULT NULL,
  `details` text,
  `amount` double DEFAULT NULL,
  `installment` double DEFAULT NULL,
  `interest` double DEFAULT NULL,
  `is_approved` int(11) DEFAULT '15',
  `create_by` int(11) DEFAULT NULL,
  `create_time` datetime DEFAULT NULL,
  `update_by` int(11) DEFAULT NULL,
  `update_time` datetime DEFAULT NULL,
  `day` varchar(2) DEFAULT NULL,
  `month` varchar(2) DEFAULT NULL,
  `year` varchar(4) DEFAULT NULL,
  PRIMARY KEY (`id`),
  KEY `FK_advance_pay_recv` (`employee_id`),
  CONSTRAINT `FK_advance_pay_recv` FOREIGN KEY (`employee_id`) REFERENCES `employees` (`id`) ON DELETE CASCADE ON UPDATE CASCADE
) ENGINE=InnoDB DEFAULT CHARSET=utf8;

/*Data for the table `advance_pay_recv` */

/*Table structure for table `advance_pay_recv_history` */

DROP TABLE IF EXISTS `advance_pay_recv_history`;

CREATE TABLE `advance_pay_recv_history` (
  `id` int(11) NOT NULL AUTO_INCREMENT,
  `adv_pay_recv_id` int(11) DEFAULT NULL,
  `status` int(11) DEFAULT NULL,
  `status_changed_by` int(11) DEFAULT NULL,
  `status_changed_time` datetime DEFAULT NULL,
  PRIMARY KEY (`id`),
  KEY `FK_advance_pay_recv_history` (`adv_pay_recv_id`),
  CONSTRAINT `FK_advance_pay_recv_history` FOREIGN KEY (`adv_pay_recv_id`) REFERENCES `advance_pay_recv` (`id`) ON DELETE CASCADE ON UPDATE CASCADE
) ENGINE=InnoDB DEFAULT CHARSET=utf8;

/*Data for the table `advance_pay_recv_history` */

/*Table structure for table `ah_amount_proll` */

DROP TABLE IF EXISTS `ah_amount_proll`;

CREATE TABLE `ah_amount_proll` (
  `id` int(11) NOT NULL AUTO_INCREMENT,
  `ah_proll_id` int(11) DEFAULT NULL,
  `percentage_of_ah_proll_id` int(11) DEFAULT NULL,
  `amount_adj` double DEFAULT NULL,
  `earn_deduct_type` int(11) DEFAULT NULL,
  `start_from` date DEFAULT NULL,
  `end_to` date DEFAULT NULL,
  `is_active` int(11) DEFAULT NULL,
  `create_by` int(11) DEFAULT NULL,
  `create_time` datetime DEFAULT NULL,
  `update_by` int(11) DEFAULT NULL,
  `update_time` datetime DEFAULT NULL,
  PRIMARY KEY (`id`),
  KEY `FK_ah_amount_proll` (`ah_proll_id`),
  CONSTRAINT `FK_ah_amount_proll` FOREIGN KEY (`ah_proll_id`) REFERENCES `ah_proll` (`id`) ON DELETE CASCADE ON UPDATE CASCADE
) ENGINE=InnoDB AUTO_INCREMENT=51 DEFAULT CHARSET=utf8;

/*Data for the table `ah_amount_proll` */

insert  into `ah_amount_proll`(`id`,`ah_proll_id`,`percentage_of_ah_proll_id`,`amount_adj`,`earn_deduct_type`,`start_from`,`end_to`,`is_active`,`create_by`,`create_time`,`update_by`,`update_time`) values (1,5,NULL,3800,79,'0000-00-00','0000-00-00',1,1,'2014-10-13 07:30:56',NULL,NULL),(2,2,NULL,250,79,'0000-00-00','0000-00-00',1,1,'2014-10-13 07:31:26',NULL,NULL),(3,3,NULL,650,79,'0000-00-00','0000-00-00',1,1,'2014-10-18 12:31:42',NULL,NULL),(4,4,NULL,200,79,'0000-00-00','0000-00-00',1,1,'2014-10-18 12:32:11',NULL,NULL),(5,6,5,1520,79,'0000-00-00','0000-00-00',1,1,'2014-10-18 12:33:06',NULL,NULL),(6,7,NULL,3929,79,'0000-00-00','0000-00-00',1,1,'2014-10-20 10:18:36',NULL,NULL),(7,8,NULL,1571,79,'0000-00-00','0000-00-00',1,1,'2014-10-20 10:19:23',NULL,NULL),(8,9,NULL,650,79,'0000-00-00','0000-00-00',1,1,'2014-10-20 10:24:31',NULL,NULL),(9,10,NULL,250,79,'0000-00-00','0000-00-00',1,1,'2014-10-20 10:24:57',NULL,NULL),(10,11,NULL,200,79,'0000-00-00','0000-00-00',1,1,'2014-10-20 10:25:25',NULL,NULL),(11,13,NULL,650,79,'0000-00-00','0000-00-00',1,1,'2014-10-20 10:27:46',NULL,NULL),(12,14,NULL,200,79,'0000-00-00','0000-00-00',1,1,'2014-10-20 10:28:03',NULL,NULL),(13,15,NULL,250,79,'0000-00-00','0000-00-00',1,1,'2014-10-20 10:37:06',NULL,NULL),(14,16,NULL,3857,79,'0000-00-00','0000-00-00',1,1,'2014-10-20 10:37:49',NULL,NULL),(15,17,NULL,1543,79,'0000-00-00','0000-00-00',1,1,'2014-10-20 10:38:20',NULL,NULL),(16,23,NULL,650,79,'0000-00-00','0000-00-00',1,1,'2014-10-20 10:42:09',NULL,NULL),(17,24,NULL,200,79,'0000-00-00','0000-00-00',1,1,'2014-10-20 10:42:42',NULL,NULL),(18,25,NULL,250,79,'0000-00-00','0000-00-00',1,1,'2014-10-20 10:43:03',NULL,NULL),(19,26,NULL,4357,79,'0000-00-00','0000-00-00',1,1,'2014-10-20 10:43:28',NULL,NULL),(20,27,NULL,1743,79,'0000-00-00','0000-00-00',1,1,'2014-10-20 10:43:58',NULL,NULL),(21,48,NULL,650,79,'0000-00-00','0000-00-00',1,1,'2014-10-20 10:44:46',NULL,NULL),(22,49,NULL,200,79,'0000-00-00','0000-00-00',1,1,'2014-10-20 10:45:04',NULL,NULL),(23,50,NULL,250,79,'0000-00-00','0000-00-00',1,1,'2014-10-20 10:45:22',NULL,NULL),(24,51,NULL,4000,79,'0000-00-00','0000-00-00',1,1,'2014-10-20 10:45:39',NULL,NULL),(25,52,NULL,1600,79,'0000-00-00','0000-00-00',1,1,'2014-10-20 10:45:55',NULL,NULL),(26,43,NULL,650,79,'0000-00-00','0000-00-00',1,1,'2014-10-20 10:46:44',NULL,NULL),(27,44,NULL,200,79,'0000-00-00','0000-00-00',1,1,'2014-10-20 10:47:04',NULL,NULL),(28,45,NULL,250,79,'0000-00-00','0000-00-00',1,1,'2014-10-20 10:47:35',NULL,NULL),(29,46,NULL,4286,79,'0000-00-00','0000-00-00',1,1,'2014-10-20 10:48:29',NULL,NULL),(30,47,NULL,1714,79,'0000-00-00','0000-00-00',1,1,'2014-10-20 10:49:00',NULL,NULL),(31,38,NULL,650,79,'0000-00-00','0000-00-00',1,1,'2014-10-20 10:54:52',NULL,NULL),(32,39,NULL,200,79,'0000-00-00','0000-00-00',1,1,'2014-10-20 10:55:47',NULL,NULL),(33,40,NULL,250,79,'0000-00-00','0000-00-00',1,1,'2014-10-20 10:56:46',NULL,NULL),(34,41,NULL,3500,79,'0000-00-00','0000-00-00',1,1,'2014-10-20 10:57:32',NULL,NULL),(35,42,NULL,1400,79,'0000-00-00','0000-00-00',1,1,'2014-10-20 10:57:59',NULL,NULL),(36,33,NULL,650,79,'0000-00-00','0000-00-00',1,1,'2014-10-20 10:58:37',NULL,NULL),(37,34,NULL,200,79,'0000-00-00','0000-00-00',1,1,'2014-10-20 10:59:28',NULL,NULL),(38,35,NULL,250,79,'0000-00-00','0000-00-00',1,1,'2014-10-20 11:54:11',NULL,NULL),(39,36,NULL,3714,79,'0000-00-00','0000-00-00',1,1,'2014-10-20 11:55:36',NULL,NULL),(40,37,NULL,1486,79,'0000-00-00','0000-00-00',1,1,'2014-10-20 11:56:08',NULL,NULL),(41,28,NULL,650,79,'0000-00-00','0000-00-00',1,1,'2014-10-20 11:56:39',NULL,NULL),(42,29,NULL,200,79,'0000-00-00','0000-00-00',1,1,'2014-10-20 11:57:24',NULL,NULL),(43,30,NULL,250,79,'0000-00-00','0000-00-00',1,1,'2014-10-20 11:57:58',NULL,NULL),(44,31,NULL,4071,79,'0000-00-00','0000-00-00',1,1,'2014-10-20 11:58:34',NULL,NULL),(45,32,NULL,1629,79,'0000-00-00','0000-00-00',1,1,'2014-10-20 11:59:14',NULL,NULL),(46,18,NULL,650,79,'0000-00-00','0000-00-00',1,1,'2014-10-20 11:59:53',NULL,NULL),(47,19,NULL,200,79,'0000-00-00','0000-00-00',1,1,'2014-10-20 12:00:26',NULL,NULL),(48,20,NULL,250,79,'0000-00-00','0000-00-00',1,1,'2014-10-20 12:00:42',NULL,NULL),(49,21,NULL,3530,79,'0000-00-00','0000-00-00',1,1,'2014-10-20 12:01:04',NULL,NULL),(50,22,NULL,1412,79,'0000-00-00','0000-00-00',1,1,'2014-10-20 12:01:37',NULL,NULL);

/*Table structure for table `ah_proll` */

DROP TABLE IF EXISTS `ah_proll`;

CREATE TABLE `ah_proll` (
  `id` int(11) NOT NULL AUTO_INCREMENT,
  `paygrade_id` int(11) DEFAULT NULL,
  `title` varchar(255) DEFAULT NULL,
  `ac_type` int(11) DEFAULT NULL,
  `is_basic_salary` int(11) DEFAULT NULL,
  PRIMARY KEY (`id`),
  KEY `FK_ah_proll` (`paygrade_id`),
  CONSTRAINT `FK_ah_proll` FOREIGN KEY (`paygrade_id`) REFERENCES `pay_grades` (`id`) ON DELETE CASCADE ON UPDATE CASCADE
) ENGINE=InnoDB AUTO_INCREMENT=56 DEFAULT CHARSET=utf8;

/*Data for the table `ah_proll` */

insert  into `ah_proll`(`id`,`paygrade_id`,`title`,`ac_type`,`is_basic_salary`) values (2,4,'চিকিৎসা ভাতা',13,NULL),(3,4,'খাদ্য ভাতা',13,NULL),(4,4,'যাতায়াত',13,NULL),(5,4,'মূল বেতন',13,1),(6,4,'বাড়ী ভাড়া',13,NULL),(7,8,'মূল বেতন',13,1),(8,8,'বাড়ী ভাড়া',13,NULL),(9,8,'খাদ্য ভাতা',13,NULL),(10,8,'চিকিৎসা ভাতা',13,NULL),(11,8,'যাতায়াত',13,NULL),(13,9,'খাদ্য ভাতা',13,NULL),(14,9,'যাতায়াত',13,NULL),(15,9,'চিকিৎসা ভাতা',13,NULL),(16,9,'মূল বেতন',13,1),(17,9,'বাড়ী ভাড়া',13,NULL),(18,10,'খাদ্য ভাতা',13,NULL),(19,10,'যাতায়াত',13,NULL),(20,10,'চিকিৎসা ভাতা',13,NULL),(21,10,'মূল বেতন',13,1),(22,10,'বাড়ী ভাড়া',13,NULL),(23,11,'খাদ্য ভাতা',13,NULL),(24,11,'যাতায়াত',13,NULL),(25,11,'চিকিৎসা ভাতা',13,NULL),(26,11,'মূল বেতন',13,1),(27,11,'বাড়ী ভাড়া',13,NULL),(28,12,'খাদ্য ভাতা',13,NULL),(29,12,'যাতায়াত',13,NULL),(30,12,'চিকিৎসা ভাতা',13,NULL),(31,12,'মূল বেতন',13,1),(32,12,'বাড়ী ভাড়া',13,NULL),(33,13,'খাদ্য ভাতা',13,NULL),(34,13,'যাতায়াত',13,NULL),(35,13,'চিকিৎসা ভাতা',13,NULL),(36,13,'মূল বেতন',13,1),(37,13,'বাড়ী ভাড়া',13,NULL),(38,14,'খাদ্য ভাতা',13,NULL),(39,14,'যাতায়াত',13,NULL),(40,14,'চিকিৎসা ভাতা',13,NULL),(41,14,'মূল বেতন',13,1),(42,14,'বাড়ী ভাড়া',13,NULL),(43,15,'খাদ্য ভাতা',13,NULL),(44,15,'যাতায়াত',13,NULL),(45,15,'চিকিৎসা ভাতা',13,NULL),(46,15,'মূল বেতন',13,1),(47,15,'বাড়ী ভাড়া',13,NULL),(48,16,'খাদ্য ভাতা',13,NULL),(49,16,'যাতায়াত',13,NULL),(50,16,'চিকিৎসা ভাতা',13,NULL),(51,16,'মূল বেতন',13,1),(52,16,'বাড়ী ভাড়া',13,0),(54,17,'খাদ্য ভাতা',13,NULL),(55,17,'যাতায়াত',13,NULL);

/*Table structure for table `authassignment` */

DROP TABLE IF EXISTS `authassignment`;

CREATE TABLE `authassignment` (
  `itemname` varchar(64) NOT NULL,
  `userid` varchar(64) NOT NULL,
  `bizrule` text,
  `data` text,
  PRIMARY KEY (`itemname`,`userid`),
  CONSTRAINT `authassignment_ibfk_1` FOREIGN KEY (`itemname`) REFERENCES `authitem` (`name`) ON DELETE CASCADE ON UPDATE CASCADE
) ENGINE=InnoDB DEFAULT CHARSET=utf8;

/*Data for the table `authassignment` */

insert  into `authassignment`(`itemname`,`userid`,`bizrule`,`data`) values ('SuperAdmin','1',NULL,'N;');

/*Table structure for table `authitem` */

DROP TABLE IF EXISTS `authitem`;

CREATE TABLE `authitem` (
  `name` varchar(64) NOT NULL,
  `type` int(11) NOT NULL,
  `description` text,
  `bizrule` text,
  `data` text,
  PRIMARY KEY (`name`)
) ENGINE=InnoDB DEFAULT CHARSET=utf8;

/*Data for the table `authitem` */

insert  into `authitem`(`name`,`type`,`description`,`bizrule`,`data`) values ('Inventory.*',1,NULL,NULL,'N;'),('Site.*',1,NULL,NULL,'N;'),('StockTransferHistory.*',1,NULL,NULL,'N;'),('SuperAdmin',2,NULL,NULL,'N;');

/*Table structure for table `authitemchild` */

DROP TABLE IF EXISTS `authitemchild`;

CREATE TABLE `authitemchild` (
  `parent` varchar(64) NOT NULL,
  `child` varchar(64) NOT NULL,
  PRIMARY KEY (`parent`,`child`),
  KEY `child` (`child`),
  CONSTRAINT `authitemchild_ibfk_1` FOREIGN KEY (`parent`) REFERENCES `authitem` (`name`) ON DELETE CASCADE ON UPDATE CASCADE,
  CONSTRAINT `authitemchild_ibfk_2` FOREIGN KEY (`child`) REFERENCES `authitem` (`name`) ON DELETE CASCADE ON UPDATE CASCADE
) ENGINE=InnoDB DEFAULT CHARSET=utf8;

/*Data for the table `authitemchild` */

/*Table structure for table `bonus_amounts` */

DROP TABLE IF EXISTS `bonus_amounts`;

CREATE TABLE `bonus_amounts` (
  `id` int(11) NOT NULL AUTO_INCREMENT,
  `bonus_id` int(11) DEFAULT NULL,
  `employee_id` int(11) DEFAULT NULL,
  `amount` double DEFAULT NULL,
  `date` date DEFAULT NULL,
  `is_active` int(11) DEFAULT NULL,
  `is_approved` int(11) DEFAULT '15',
  `create_by` int(11) DEFAULT NULL,
  `create_time` datetime DEFAULT NULL,
  `update_by` int(11) DEFAULT NULL,
  `update_time` datetime DEFAULT NULL,
  PRIMARY KEY (`id`),
  KEY `FK_bonus_amounts` (`bonus_id`),
  KEY `FK_bonus_emp` (`employee_id`),
  CONSTRAINT `FK_bonus_amounts` FOREIGN KEY (`bonus_id`) REFERENCES `bonus_titles` (`id`) ON DELETE CASCADE ON UPDATE CASCADE,
  CONSTRAINT `FK_bonus_emp` FOREIGN KEY (`employee_id`) REFERENCES `employees` (`id`) ON DELETE CASCADE ON UPDATE CASCADE
) ENGINE=InnoDB DEFAULT CHARSET=utf8;

/*Data for the table `bonus_amounts` */

/*Table structure for table `bonus_status_history` */

DROP TABLE IF EXISTS `bonus_status_history`;

CREATE TABLE `bonus_status_history` (
  `id` int(11) NOT NULL AUTO_INCREMENT,
  `bonus_amount_id` int(11) DEFAULT NULL,
  `status` int(11) DEFAULT NULL,
  `status_changed_by` int(11) DEFAULT NULL,
  `status_changed_time` datetime DEFAULT NULL,
  PRIMARY KEY (`id`),
  KEY `FK_bonus_status_history` (`bonus_amount_id`),
  CONSTRAINT `FK_bonus_status_history` FOREIGN KEY (`bonus_amount_id`) REFERENCES `bonus_amounts` (`id`) ON DELETE CASCADE ON UPDATE CASCADE
) ENGINE=InnoDB DEFAULT CHARSET=utf8;

/*Data for the table `bonus_status_history` */

/*Table structure for table `bonus_titles` */

DROP TABLE IF EXISTS `bonus_titles`;

CREATE TABLE `bonus_titles` (
  `id` int(11) NOT NULL AUTO_INCREMENT,
  `title` varchar(255) DEFAULT NULL,
  `details` text,
  PRIMARY KEY (`id`)
) ENGINE=InnoDB AUTO_INCREMENT=3 DEFAULT CHARSET=utf8;

/*Data for the table `bonus_titles` */

insert  into `bonus_titles`(`id`,`title`,`details`) values (1,'Bonus One','Bonus\r\nDetails'),(2,'Bonus Two','Bonus Two\r\nDetails');

/*Table structure for table `branches` */

DROP TABLE IF EXISTS `branches`;

CREATE TABLE `branches` (
  `id` int(11) NOT NULL AUTO_INCREMENT,
  `title` varchar(255) DEFAULT NULL,
  PRIMARY KEY (`id`)
) ENGINE=InnoDB DEFAULT CHARSET=utf8;

/*Data for the table `branches` */

/*Table structure for table `countries` */

DROP TABLE IF EXISTS `countries`;

CREATE TABLE `countries` (
  `id` int(11) NOT NULL AUTO_INCREMENT,
  `iso2` char(2) DEFAULT NULL,
  `iso3` char(3) DEFAULT NULL,
  `country` varchar(62) DEFAULT NULL,
  PRIMARY KEY (`id`)
) ENGINE=InnoDB AUTO_INCREMENT=242 DEFAULT CHARSET=utf8;

/*Data for the table `countries` */

insert  into `countries`(`id`,`iso2`,`iso3`,`country`) values (1,'AF','AFG','Afghanistan'),(2,'AX','ALA','Åland Islands'),(3,'AL','ALB','Albania'),(4,'DZ','DZA','Algeria (El Djazaïr)'),(5,'AS','ASM','American Samoa'),(6,'AD','AND','Andorra'),(7,'AO','AGO','Angola'),(8,'AI','AIA','Anguilla'),(9,'AQ','ATA','Antarctica'),(10,'AG','ATG','Antigua and Barbuda'),(11,'AR','ARG','Argentina'),(12,'AM','ARM','Armenia'),(13,'AW','ABW','Aruba'),(14,'AU','AUS','Australia'),(15,'AT','AUT','Austria'),(16,'AZ','AZE','Azerbaijan'),(17,'BS','BHS','Bahamas'),(18,'BH','BHR','Bahrain'),(19,'BD','BGD','Bangladesh'),(20,'BB','BRB','Barbados'),(21,'BY','BLR','Belarus'),(22,'BE','BEL','Belgium'),(23,'BZ','BLZ','Belize'),(24,'BJ','BEN','Benin'),(25,'BM','BMU','Bermuda'),(26,'BT','BTN','Bhutan'),(27,'BO','BOL','Bolivia'),(28,'BA','BIH','Bosnia and Herzegovina'),(29,'BW','BWA','Botswana'),(30,'BV','BVT','Bouvet Island'),(31,'BR','BRA','Brazil'),(32,'IO','IOT','British Indian Ocean Territory'),(33,'BN','BRN','Brunei Darussalam'),(34,'BG','BGR','Bulgaria'),(35,'BF','BFA','Burkina Faso'),(36,'BI','BDI','Burundi'),(37,'KH','KHM','Cambodia'),(38,'CM','CMR','Cameroon'),(39,'CA','CAN','Canada'),(40,'CV','CPV','Cape Verde'),(41,'KY','CYM','Cayman Islands'),(42,'CF','CAF','Central African Republic'),(43,'TD','TCD','Chad (T\'Chad)'),(44,'CL','CHL','Chile'),(45,'CN','CHN','China'),(46,'CX','CXR','Christmas Island'),(47,'CC','CCK','Cocos (Keeling) Islands'),(48,'CO','COL','Colombia'),(49,'KM','COM','Comoros'),(50,'CG','COG','Congo, Republic Of'),(51,'CD','COD','Congo, The Democratic Republic of the (formerly Zaire)'),(52,'CK','COK','Cook Islands'),(53,'CR','CRI','Costa Rica'),(54,'CI','CIV','CÔte D\'Ivoire (Ivory Coast)'),(55,'HR','HRV','Croatia (hrvatska)'),(56,'CU','CUB','Cuba'),(57,'CY','CYP','Cyprus'),(58,'CZ','CZE','Czech Republic'),(59,'DK','DNK','Denmark'),(60,'DJ','DJI','Djibouti'),(61,'DM','DMA','Dominica'),(62,'DO','DOM','Dominican Republic'),(63,'EC','ECU','Ecuador'),(64,'EG','EGY','Egypt'),(65,'SV','SLV','El Salvador'),(66,'GQ','GNQ','Equatorial Guinea'),(67,'ER','ERI','Eritrea'),(68,'EE','EST','Estonia'),(69,'ET','ETH','Ethiopia'),(70,'FO','FRO','Faeroe Islands'),(71,'FK','FLK','Falkland Islands (Malvinas)'),(72,'FJ','FJI','Fiji'),(73,'FI','FIN','Finland'),(74,'FR','FRA','France'),(75,'GF','GUF','French Guiana'),(76,'PF','PYF','French Polynesia'),(77,'TF','ATF','French Southern Territories'),(78,'GA','GAB','Gabon'),(79,'GM','GMB','Gambia, The'),(80,'GE','GEO','Georgia'),(81,'DE','DEU','Germany (Deutschland)'),(82,'GH','GHA','Ghana'),(83,'GI','GIB','Gibraltar'),(84,'GB','GBR','Great Britain'),(85,'GR','GRC','Greece'),(86,'GL','GRL','Greenland'),(87,'GD','GRD','Grenada'),(88,'GP','GLP','Guadeloupe'),(89,'GU','GUM','Guam'),(90,'GT','GTM','Guatemala'),(91,'GN','GIN','Guinea'),(92,'GW','GNB','Guinea-bissau'),(93,'GY','GUY','Guyana'),(94,'HT','HTI','Haiti'),(95,'HM','HMD','Heard Island and Mcdonald Islands'),(96,'HN','HND','Honduras'),(97,'HK','HKG','Hong Kong (Special Administrative Region of China)'),(98,'HU','HUN','Hungary'),(99,'IS','ISL','Iceland'),(100,'IN','IND','India'),(101,'ID','IDN','Indonesia'),(102,'IR','IRN','Iran (Islamic Republic of Iran)'),(103,'IQ','IRQ','Iraq'),(104,'IE','IRL','Ireland'),(105,'IL','ISR','Israel'),(106,'IT','ITA','Italy'),(107,'JM','JAM','Jamaica'),(108,'JP','JPN','Japan'),(109,'JO','JOR','Jordan (Hashemite Kingdom of Jordan)'),(110,'KZ','KAZ','Kazakhstan'),(111,'KE','KEN','Kenya'),(112,'KI','KIR','Kiribati'),(113,'KP','PRK','Korea (Democratic Peoples Republic pf [North] Korea)'),(114,'KR','KOR','Korea (Republic of [South] Korea)'),(115,'KW','KWT','Kuwait'),(116,'KG','KGZ','Kyrgyzstan'),(117,'LA','LAO','Lao People\'s Democratic Republic'),(118,'LV','LVA','Latvia'),(119,'LB','LBN','Lebanon'),(120,'LS','LSO','Lesotho'),(121,'LR','LBR','Liberia'),(122,'LY','LBY','Libya (Libyan Arab Jamahirya)'),(123,'LI','LIE','Liechtenstein (Fürstentum Liechtenstein)'),(124,'LT','LTU','Lithuania'),(125,'LU','LUX','Luxembourg'),(126,'MO','MAC','Macao (Special Administrative Region of China)'),(127,'MK','MKD','Macedonia (Former Yugoslav Republic of Macedonia)'),(128,'MG','MDG','Madagascar'),(129,'MW','MWI','Malawi'),(130,'MY','MYS','Malaysia'),(131,'MV','MDV','Maldives'),(132,'ML','MLI','Mali'),(133,'MT','MLT','Malta'),(134,'MH','MHL','Marshall Islands'),(135,'MQ','MTQ','Martinique'),(136,'MR','MRT','Mauritania'),(137,'MU','MUS','Mauritius'),(138,'YT','MYT','Mayotte'),(139,'MX','MEX','Mexico'),(140,'FM','FSM','Micronesia (Federated States of Micronesia)'),(141,'MD','MDA','Moldova'),(142,'MC','MCO','Monaco'),(143,'MN','MNG','Mongolia'),(144,'MS','MSR','Montserrat'),(145,'MA','MAR','Morocco'),(146,'MZ','MOZ','Mozambique (Moçambique)'),(147,'MM','MMR','Myanmar (formerly Burma)'),(148,'NA','NAM','Namibia'),(149,'NR','NRU','Nauru'),(150,'NP','NPL','Nepal'),(151,'NL','NLD','Netherlands'),(152,'AN','ANT','Netherlands Antilles'),(153,'NC','NCL','New Caledonia'),(154,'NZ','NZL','New Zealand'),(155,'NI','NIC','Nicaragua'),(156,'NE','NER','Niger'),(157,'NG','NGA','Nigeria'),(158,'NU','NIU','Niue'),(159,'NF','NFK','Norfolk Island'),(160,'MP','MNP','Northern Mariana Islands'),(161,'NO','NOR','Norway'),(162,'OM','OMN','Oman'),(163,'PK','PAK','Pakistan'),(164,'PW','PLW','Palau'),(165,'PS','PSE','Palestinian Territories'),(166,'PA','PAN','Panama'),(167,'PG','PNG','Papua New Guinea'),(168,'PY','PRY','Paraguay'),(169,'PE','PER','Peru'),(170,'PH','PHL','Philippines'),(171,'PN','PCN','Pitcairn'),(172,'PL','POL','Poland'),(173,'PT','PRT','Portugal'),(174,'PR','PRI','Puerto Rico'),(175,'QA','QAT','Qatar'),(176,'RE','REU','RÉunion'),(177,'RO','ROU','Romania'),(178,'RU','RUS','Russian Federation'),(179,'RW','RWA','Rwanda'),(180,'SH','SHN','Saint Helena'),(181,'KN','KNA','Saint Kitts and Nevis'),(182,'LC','LCA','Saint Lucia'),(183,'PM','SPM','Saint Pierre and Miquelon'),(184,'VC','VCT','Saint Vincent and the Grenadines'),(185,'WS','WSM','Samoa (formerly Western Samoa)'),(186,'SM','SMR','San Marino (Republic of)'),(187,'ST','STP','Sao Tome and Principe'),(188,'SA','SAU','Saudi Arabia (Kingdom of Saudi Arabia)'),(189,'SN','SEN','Senegal'),(190,'CS','SCG','Serbia and Montenegro (formerly Yugoslavia)'),(191,'SC','SYC','Seychelles'),(192,'SL','SLE','Sierra Leone'),(193,'SG','SGP','Singapore'),(194,'SK','SVK','Slovakia (Slovak Republic)'),(195,'SI','SVN','Slovenia'),(196,'SB','SLB','Solomon Islands'),(197,'SO','SOM','Somalia'),(198,'ZA','ZAF','South Africa (zuid Afrika)'),(199,'GS','SGS','South Georgia and the South Sandwich Islands'),(200,'ES','ESP','Spain (españa)'),(201,'LK','LKA','Sri Lanka'),(202,'SD','SDN','Sudan'),(203,'SR','SUR','Suriname'),(204,'SJ','SJM','Svalbard and Jan Mayen'),(205,'SZ','SWZ','Swaziland'),(206,'SE','SWE','Sweden'),(207,'CH','CHE','Switzerland (Confederation of Helvetia)'),(208,'SY','SYR','Syrian Arab Republic'),(209,'TW','TWN','Taiwan (\"Chinese Taipei\" for IOC)'),(210,'TJ','TJK','Tajikistan'),(211,'TZ','TZA','Tanzania'),(212,'TH','THA','Thailand'),(213,'TL','TLS','Timor-Leste (formerly East Timor)'),(214,'TG','TGO','Togo'),(215,'TK','TKL','Tokelau'),(216,'TO','TON','Tonga'),(217,'TT','TTO','Trinidad and Tobago'),(218,'TN','TUN','Tunisia'),(219,'TR','TUR','Turkey'),(220,'TM','TKM','Turkmenistan'),(221,'TC','TCA','Turks and Caicos Islands'),(222,'TV','TUV','Tuvalu'),(223,'UG','UGA','Uganda'),(224,'UA','UKR','Ukraine'),(225,'AE','ARE','United Arab Emirates'),(226,'GB','GBR','United Kingdom (Great Britain)'),(227,'US','USA','United States'),(228,'UM','UMI','United States Minor Outlying Islands'),(229,'UY','URY','Uruguay'),(230,'UZ','UZB','Uzbekistan'),(231,'VU','VUT','Vanuatu'),(232,'VA','VAT','Vatican City (Holy See)'),(233,'VE','VEN','Venezuela'),(234,'VN','VNM','Viet Nam'),(235,'VG','VGB','Virgin Islands, British'),(236,'VI','VIR','Virgin Islands, U.S.'),(237,'WF','WLF','Wallis and Futuna'),(238,'EH','ESH','Western Sahara (formerly Spanish Sahara)'),(239,'YE','YEM','Yemen (Arab Republic)'),(240,'ZM','ZMB','Zambia'),(241,'ZW','ZWE','Zimbabwe');

/*Table structure for table `departments` */

DROP TABLE IF EXISTS `departments`;

CREATE TABLE `departments` (
  `id` int(11) NOT NULL AUTO_INCREMENT,
  `department_name` varchar(255) NOT NULL,
  PRIMARY KEY (`id`)
) ENGINE=InnoDB AUTO_INCREMENT=21 DEFAULT CHARSET=utf8;

/*Data for the table `departments` */

insert  into `departments`(`id`,`department_name`) values (20,'এইচ আর এন্ড এডমিন');

/*Table structure for table `designations` */

DROP TABLE IF EXISTS `designations`;

CREATE TABLE `designations` (
  `id` int(11) NOT NULL AUTO_INCREMENT,
  `designation` varchar(255) NOT NULL,
  PRIMARY KEY (`id`)
) ENGINE=InnoDB AUTO_INCREMENT=39 DEFAULT CHARSET=utf8;

/*Data for the table `designations` */

insert  into `designations`(`id`,`designation`) values (20,'অপারেটর'),(21,'সহকারী অপারেটর'),(22,'জুনি: অপারেটর'),(23,'সিনি: অপারেটর'),(24,'লোডার'),(25,'লেডি গার্ড'),(26,'ক্লিনার'),(27,'জুনিয়র কাটার'),(28,'কাটিং সহকারী'),(29,'আয়রন ম্যান'),(30,'প্যাকার'),(31,'ফোল্ডার'),(32,'জুনি: ফোল্ডার'),(33,'পলি ম্যান'),(34,'ফিনিশিং সহকারী'),(35,'কো: ইন্সপেক্টর (সুইং)'),(36,'কো: ইন্সপেক্টর (ফিনিশিং)'),(37,'প্রডাক্টশন রিপোর্টার'),(38,'এইচ আর এন্ড আইটি');

/*Table structure for table `emp_attendance` */

DROP TABLE IF EXISTS `emp_attendance`;

CREATE TABLE `emp_attendance` (
  `id` int(11) NOT NULL AUTO_INCREMENT,
  `card_no` varchar(255) DEFAULT NULL,
  `date` varchar(255) DEFAULT NULL,
  `in_time` varchar(255) DEFAULT NULL,
  `out_time` varchar(255) DEFAULT NULL,
  PRIMARY KEY (`id`)
) ENGINE=InnoDB AUTO_INCREMENT=8084618 DEFAULT CHARSET=utf8;

/*Data for the table `emp_attendance` */

insert  into `emp_attendance`(`id`,`card_no`,`date`,`in_time`,`out_time`) values (4,'5402340','2014-10-10','08:00','12:00'),(5,'5390351','2014-10-10','08:00','12:00'),(6,'8059749','2014-10-10','08:00','12:00'),(7,'5395977','2014-10-10','08:00','12:00'),(8,'5413392','2014-10-10','08:00','12:00'),(9,'5406423','2014-10-10','08:00','12:00'),(10,'5404120','2014-10-10','08:00','12:00'),(11,'5404945','2014-10-10','08:00','12:00'),(12,'5413394','2014-10-10','08:00','12:00'),(13,'5395981','2014-10-10','08:00','12:00'),(14,'5395978','2014-10-10','08:00','12:00'),(15,'5394918','2014-10-10','08:00','12:00'),(16,'5399870','2014-10-10','08:00','12:00'),(17,'5402344','2014-10-10','08:00','12:00'),(18,'8063564','2014-10-10','08:00','12:00'),(19,'8069774','2014-10-10','08:00','12:00'),(20,'8055380','2014-10-10','08:00','12:00'),(21,'5395982','2014-10-10','08:00','12:00'),(22,'5394902','2014-10-10','08:00','12:00'),(23,'5413010','2014-10-10','08:00','12:00'),(24,'8082673','2014-10-10','08:00','12:00'),(25,'8061024','2014-10-10','08:00','12:00'),(26,'5407448','2014-10-10','08:00','12:00'),(27,'8055382','2014-10-10','08:00','12:00'),(28,'8059745','2014-10-10','08:00','12:00'),(29,'5390353','2014-10-10','08:00','12:00'),(30,'5388971','2014-10-10','08:00','12:00'),(31,'8060672','2014-10-10','08:00','12:00'),(32,'5429351','2014-10-10','08:00','12:00'),(33,'5391566','2014-10-10','08:00','12:00'),(34,'5167464','2014-10-10','08:00','12:00'),(35,'8068874','2014-10-10','08:00','12:00'),(36,'5411139','2014-10-10','08:00','12:00'),(37,'8059605','2014-10-10','08:00','12:00'),(38,'8071105','2014-10-10','08:00','12:00'),(39,'5402343','2014-10-10','08:00','12:00'),(40,'5390354','2014-10-10','08:00','12:00'),(41,'8068920','2014-10-10','08:00','12:00'),(42,'5393613','2014-10-10','08:00','12:00'),(43,'5413394','2014-10-11','08:00','12:00'),(44,'5395978','2014-10-11','08:00','12:00'),(45,'5399870','2014-10-11','08:00','12:00'),(46,'8063564','2014-10-11','08:00','12:00'),(47,'5394918','2014-10-16','08:00','12:00'),(48,'8063564','2014-10-16','08:00','12:00'),(49,'1461017','10/15/2014','07:35:51','21:56:32'),(50,'1461254','10/15/2014','07:39:26','--:--:--'),(51,'1461259','10/15/2014','21:16:15','--:--:--'),(52,'1461666','10/15/2014','07:43:48','18:19:44'),(53,'1462227','10/15/2014','07:42:20','--:--:--'),(54,'1463757','10/15/2014','07:45:35','22:03:09'),(55,'1463822','10/15/2014','07:52:49','21:56:56'),(56,'1464151','10/15/2014','07:43:06','20:20:31'),(57,'1464683','10/15/2014','07:56:26','21:54:38'),(58,'1465882','10/15/2014','07:53:43','21:55:07'),(59,'1466292','10/15/2014','07:53:04','21:54:43'),(60,'1467278','10/15/2014','07:48:34','22:00:17'),(61,'1469885','10/15/2014','07:34:48','19:51:08'),(62,'1471999','10/15/2014','07:53:00','22:02:55'),(63,'1472521','10/15/2014','07:48:36','21:54:57'),(64,'1472691','10/15/2014','07:50:13','22:03:24'),(65,'1473134','10/15/2014','07:53:45','21:54:55'),(66,'1474206','10/15/2014','07:57:00','22:30:36'),(67,'1475979','10/15/2014','07:50:11','--:--:--'),(68,'1477313','10/15/2014','07:53:31','21:55:12'),(69,'1477946','10/15/2014','07:49:36','21:59:25'),(70,'1478016','10/15/2014','07:41:38','19:51:18'),(71,'1478250','10/15/2014','22:11:13','--:--:--'),(72,'1478358','10/15/2014','21:55:04','--:--:--'),(73,'1480925','10/15/2014','07:51:23','19:51:14'),(74,'1483328','10/15/2014','07:42:43','21:55:12'),(75,'1484575','10/15/2014','07:47:03','21:56:40'),(76,'1485302','10/15/2014','07:50:59','--:--:--'),(77,'1487145','10/15/2014','07:32:06','22:05:29'),(78,'3571952','10/15/2014','07:46:23','19:59:49'),(79,'3575598','10/15/2014','21:57:16','--:--:--'),(80,'3797587','10/15/2014','07:55:45','19:59:34'),(81,'4118807','10/15/2014','07:53:12','21:52:52'),(82,'5199417','10/15/2014','07:51:09','17:53:25'),(83,'5207987','10/15/2014','07:48:24','21:55:34'),(84,'5210243','10/15/2014','07:50:49','19:55:47'),(85,'5211286','10/15/2014','06:38:29','--:--:--'),(86,'5217295','10/15/2014','07:56:11','20:01:53'),(87,'5219951','10/15/2014','07:48:06','20:04:11'),(88,'5240671','10/15/2014','07:55:51','19:58:04'),(89,'5240718','10/15/2014','06:37:37','--:--:--'),(90,'5246304','10/15/2014','07:55:06','21:56:24'),(91,'5257588','10/15/2014','07:52:22','--:--:--'),(92,'5260952','10/15/2014','07:47:36','21:55:51'),(93,'5262907','10/15/2014','07:57:46','19:59:12'),(94,'5264599','10/15/2014','07:54:42','19:59:18'),(95,'5290806','10/15/2014','07:53:51','21:58:10'),(96,'5354725','10/15/2014','07:53:41','19:59:17'),(97,'5390518','10/15/2014','07:56:50','21:56:11'),(98,'5392050','10/15/2014','07:50:04','21:56:20'),(99,'5392571','10/15/2014','07:47:41','21:53:24'),(100,'5392572','10/15/2014','07:37:30','19:59:46'),(101,'5392573','10/15/2014','07:53:19','19:58:13'),(102,'5392675','10/15/2014','06:37:21','20:06:06'),(103,'5392688','10/15/2014','06:46:32','22:05:02'),(104,'5392690','10/15/2014','07:53:35','17:10:47'),(105,'5392692','10/15/2014','07:55:42','21:56:51'),(106,'5392693','10/15/2014','07:43:49','19:54:41'),(107,'5392696','10/15/2014','07:54:12','21:56:46'),(108,'5393938','10/15/2014','07:51:01','19:55:30'),(109,'5394342','10/15/2014','07:46:25','21:56:14'),(110,'5394918','10/15/2014','17:53:18','--:--:--'),(111,'5395545','10/15/2014','07:52:33','17:24:23'),(112,'5395724','10/15/2014','07:46:40','19:59:39'),(113,'5396007','10/15/2014','07:49:59','19:56:00'),(114,'5396023','10/15/2014','07:51:38','19:58:24'),(115,'5396027','10/15/2014','07:51:57','21:55:05'),(116,'5396041','10/15/2014','07:57:55','21:55:21'),(117,'5396044','10/15/2014','07:49:27','19:56:54'),(118,'5396310','10/15/2014','07:54:31','23:10:09'),(119,'5396314','10/15/2014','07:42:42','19:58:17'),(120,'5396315','10/15/2014','07:50:54','19:58:31'),(121,'5396576','10/15/2014','07:41:35','21:56:45'),(122,'5396579','10/15/2014','07:43:40','21:52:15'),(123,'5396580','10/15/2014','07:57:49','20:04:27'),(124,'5396581','10/15/2014','07:56:19','21:55:47'),(125,'5396583','10/15/2014','07:57:31','21:56:22'),(126,'5396584','10/15/2014','07:56:22','21:55:24'),(127,'5397624','10/15/2014','07:56:08','--:--:--'),(128,'5397625','10/15/2014','21:55:59','--:--:--'),(129,'5397626','10/15/2014','07:56:32','17:10:31'),(130,'5397628','10/15/2014','21:55:27','--:--:--'),(131,'5397721','10/15/2014','07:44:58','21:56:12'),(132,'5398734','10/15/2014','07:45:26','19:59:36'),(133,'5398736','10/15/2014','07:54:36','21:56:19'),(134,'5399082','10/15/2014','07:45:48','17:08:59'),(135,'5399084','10/15/2014','07:49:23','17:28:07'),(136,'5399088','10/15/2014','07:55:19','21:55:48'),(137,'5399324','10/15/2014','07:48:05','17:07:05'),(138,'5399325','10/15/2014','07:52:08','21:58:38'),(139,'5399328','10/15/2014','07:47:14','21:56:44'),(140,'5399331','10/15/2014','07:47:32','21:59:19'),(141,'5399332','10/15/2014','07:53:14','21:56:16'),(142,'5399387','10/15/2014','07:54:36','21:56:33'),(143,'5399995','10/15/2014','07:47:24','17:07:45'),(144,'5400183','10/15/2014','07:52:24','19:57:58'),(145,'5400186','10/15/2014','07:53:17','23:10:06'),(146,'5400672','10/15/2014','07:52:30','21:56:30'),(147,'5401960','10/15/2014','07:54:38','19:57:59'),(148,'5406817','10/15/2014','07:56:04','--:--:--'),(149,'5406884','10/15/2014','07:47:30','17:21:18'),(150,'5407451','10/15/2014','07:50:50','--:--:--'),(151,'5407541','10/15/2014','07:47:50','21:56:43'),(152,'5407542','10/15/2014','22:07:31','--:--:--'),(153,'5407544','10/15/2014','07:58:00','20:00:24'),(154,'5407546','10/15/2014','07:51:00','--:--:--'),(155,'5408081','10/15/2014','07:43:51','21:56:13'),(156,'5408276','10/15/2014','07:53:23','21:56:54'),(157,'5408280','10/15/2014','07:45:51','19:57:55'),(158,'5408723','10/15/2014','07:55:30','21:55:14'),(159,'5409424','10/15/2014','07:57:08','21:55:25'),(160,'5409425','10/15/2014','07:42:25','21:56:25'),(161,'5409428','10/15/2014','07:54:09','21:55:56'),(162,'5409815','10/15/2014','07:49:33','17:53:48'),(163,'5409816','10/15/2014','07:56:32','19:58:25'),(164,'5409817','10/15/2014','07:46:58','21:55:38'),(165,'5409946','10/15/2014','07:52:16','21:54:34'),(166,'5410039','10/15/2014','07:34:13','21:57:05'),(167,'5410093','10/15/2014','07:46:08','20:01:25'),(168,'5410111','10/15/2014','07:55:15','19:59:27'),(169,'5410517','10/15/2014','07:53:38','21:56:36'),(170,'5410860','10/15/2014','07:52:01','19:57:29'),(171,'5410896','10/15/2014','07:48:38','17:26:20'),(172,'5410899','10/15/2014','07:53:50','19:58:32'),(173,'5410902','10/15/2014','07:55:40','21:55:36'),(174,'5411073','10/15/2014','22:07:28','--:--:--'),(175,'5411074','10/15/2014','07:44:33','19:59:41'),(176,'5411139','10/15/2014','07:51:15','--:--:--'),(177,'5411141','10/15/2014','07:57:32','--:--:--'),(178,'5411622','10/15/2014','07:44:28','21:55:49'),(179,'5411624','10/15/2014','07:54:02','--:--:--'),(180,'5411628','10/15/2014','21:55:43','21:55:44'),(181,'5412204','10/15/2014','07:29:36','21:51:17'),(182,'5412206','10/15/2014','07:48:50','19:59:05'),(183,'5412295','10/15/2014','07:42:54','--:--:--'),(184,'5413011','10/15/2014','07:41:58','--:--:--'),(185,'5414720','10/15/2014','07:47:26','21:55:11'),(186,'5414721','10/15/2014','07:51:33','21:55:53'),(187,'5414722','10/15/2014','07:44:02','21:56:10'),(188,'5414724','10/15/2014','07:56:06','--:--:--'),(189,'5414725','10/15/2014','07:49:32','21:54:10'),(190,'5415741','10/15/2014','07:55:32','--:--:--'),(191,'5415743','10/15/2014','07:47:08','19:56:57'),(192,'5415858','10/15/2014','07:51:47','21:53:21'),(193,'5415873','10/15/2014','07:56:54','21:56:09'),(194,'5417102','10/15/2014','07:39:12','--:--:--'),(195,'5417105','10/15/2014','08:29:41','20:00:03'),(196,'5417107','10/15/2014','07:53:38','21:56:35'),(197,'5417924','10/15/2014','07:53:22','19:58:07'),(198,'5417925','10/15/2014','07:46:20','21:56:05'),(199,'5417928','10/15/2014','07:56:56','21:56:03'),(200,'5417930','10/15/2014','07:52:00','21:55:58'),(201,'5420899','10/15/2014','07:33:54','19:57:33'),(202,'5420901','10/15/2014','07:46:42','17:08:05'),(203,'5420902','10/15/2014','07:46:49','21:56:28'),(204,'5420920','10/15/2014','07:52:52','19:55:41'),(205,'5421492','10/15/2014','07:48:42','21:54:16'),(206,'5421493','10/15/2014','07:56:15','21:56:37'),(207,'5422203','10/15/2014','07:49:44','21:54:58'),(208,'5422205','10/15/2014','07:52:57','21:55:42'),(209,'5422206','10/15/2014','07:53:01','21:56:49'),(210,'5422207','10/15/2014','07:48:02','21:54:52'),(211,'5422715','10/15/2014','07:41:07','20:01:01'),(212,'5423707','10/15/2014','07:47:44','21:56:06'),(213,'5432057','10/15/2014','07:56:30','21:56:31'),(214,'5432555','10/15/2014','07:54:39','20:01:15'),(215,'5435208','10/15/2014','07:52:56','21:56:53'),(216,'5435621','10/15/2014','07:50:21','21:54:37'),(217,'5435623','10/15/2014','07:50:07','21:56:42'),(218,'5436922','10/15/2014','07:58:58','19:51:26'),(219,'5436924','10/15/2014','07:56:52','21:56:09'),(220,'5436925','10/15/2014','07:54:03','19:57:36'),(221,'5436926','10/15/2014','07:44:22','21:55:50'),(222,'5440495','10/15/2014','06:53:19','22:03:13'),(223,'5440496','10/15/2014','07:45:21','19:55:53'),(224,'5440498','10/15/2014','07:50:03','21:54:18'),(225,'5440499','10/15/2014','07:44:43','20:00:27'),(226,'5440657','10/15/2014','06:53:22','22:03:18'),(227,'5440659','10/15/2014','07:54:16','--:--:--'),(228,'5441567','10/15/2014','07:52:53','19:58:19'),(229,'5444172','10/15/2014','07:54:19','19:58:59'),(230,'5444174','10/15/2014','07:46:07','19:58:06'),(231,'5444180','10/15/2014','07:50:12','21:56:33'),(232,'5444796','10/15/2014','07:48:58','21:56:18'),(233,'5444798','10/15/2014','07:50:10','--:--:--'),(234,'5444799','10/15/2014','07:50:55','17:24:13'),(235,'5444800','10/15/2014','07:44:47','19:57:52'),(236,'5444801','10/15/2014','07:50:02','19:58:29'),(237,'5444804','10/15/2014','07:43:59','21:57:01'),(238,'5978440','10/15/2014','07:25:13','16:40:56'),(239,'5979100','10/15/2014','07:55:54','21:52:17'),(240,'5979300','10/15/2014','07:48:53','20:50:23'),(241,'5979392','10/15/2014','07:52:06','--:--:--'),(242,'5980453','10/15/2014','07:51:24','17:19:35'),(243,'5980997','10/15/2014','07:51:44','21:54:09'),(244,'5981168','10/15/2014','07:34:17','20:55:26'),(245,'5982978','10/15/2014','07:59:27','21:55:46'),(246,'5983548','10/15/2014','10:40:58','--:--:--'),(247,'5984595','10/15/2014','07:49:42','--:--:--'),(248,'5985202','10/15/2014','08:00:21','19:33:29'),(249,'5985209','10/15/2014','08:08:52','19:33:42'),(250,'5985786','10/15/2014','08:05:34','--:--:--'),(251,'5985852','10/15/2014','07:53:24','19:54:37'),(252,'5986516','10/15/2014','07:26:42','22:07:05'),(253,'5987445','10/15/2014','07:26:57','20:03:12'),(254,'5988523','10/15/2014','07:43:57','19:32:11'),(255,'5989246','10/15/2014','07:19:26','20:07:28'),(256,'5989516','10/15/2014','08:00:12','19:33:36'),(257,'5990403','10/15/2014','07:49:16','19:30:43'),(258,'5991967','10/15/2014','07:43:09','19:51:43'),(259,'5992248','10/15/2014','07:56:00','--:--:--'),(260,'5993022','10/15/2014','07:49:05','19:51:39'),(261,'5993077','10/15/2014','22:30:40','--:--:--'),(262,'5995800','10/15/2014','07:35:56','--:--:--'),(263,'5997401','10/15/2014','07:53:20','19:52:13'),(264,'5997831','10/15/2014','07:57:02','20:05:28'),(265,'5999020','10/15/2014','07:47:07','--:--:--'),(266,'6000019','10/15/2014','07:49:29','--:--:--'),(267,'6000737','10/15/2014','07:52:51','21:57:30'),(268,'6004916','10/15/2014','07:25:07','20:06:56'),(269,'6006027','10/15/2014','07:44:20','20:07:06'),(270,'6006309','10/15/2014','22:00:18','--:--:--'),(271,'8035271','10/15/2014','07:40:02','21:55:17'),(272,'8037263','10/15/2014','07:48:03','19:55:51'),(273,'8050931','10/15/2014','07:40:05','23:09:19'),(274,'8055409','10/15/2014','20:01:27','--:--:--'),(275,'8055411','10/15/2014','07:53:57','19:56:24'),(276,'8055429','10/15/2014','07:49:40','--:--:--'),(277,'8056200','10/15/2014','07:37:21','20:04:07'),(278,'8056202','10/15/2014','22:00:00','--:--:--'),(279,'8056208','10/15/2014','07:50:56','--:--:--'),(280,'8056397','10/15/2014','07:49:30','21:57:49'),(281,'8056398','10/15/2014','07:40:40','21:58:07'),(282,'8056401','10/15/2014','07:55:34','22:03:55'),(283,'8056402','10/15/2014','07:45:16','17:21:09'),(284,'8056403','10/15/2014','07:50:37','07:50:38'),(285,'8056548','10/15/2014','07:55:14','19:58:37'),(286,'8057130','10/15/2014','07:54:40','17:08:53'),(287,'8058142','10/15/2014','07:52:38','21:55:55'),(288,'8058806','10/15/2014','07:55:37','--:--:--'),(289,'8058813','10/15/2014','07:53:18','21:58:01'),(290,'8058995','10/15/2014','07:51:56','19:59:59'),(291,'8058996','10/15/2014','07:53:54','19:54:20'),(292,'8059575','10/15/2014','07:31:22','21:55:18'),(293,'8059581','10/15/2014','07:53:34','19:59:20'),(294,'8059749','10/15/2014','07:48:57','--:--:--'),(295,'8059753','10/15/2014','07:48:12','19:58:01'),(296,'8059754','10/15/2014','07:49:57','17:10:48'),(297,'8060511','10/15/2014','07:54:00','19:58:36'),(298,'8060585','10/15/2014','07:32:33','21:54:06'),(299,'8060586','10/15/2014','06:53:13','--:--:--'),(300,'8060587','10/15/2014','07:51:51','20:01:11'),(301,'8060588','10/15/2014','07:46:35','21:56:41'),(302,'8060591','10/15/2014','07:41:12','21:55:30'),(303,'8060593','10/15/2014','07:52:14','--:--:--'),(304,'8060667','10/15/2014','07:54:24','20:00:29'),(305,'8060673','10/15/2014','07:55:39','17:21:01'),(306,'8060676','10/15/2014','07:55:47','20:02:05'),(307,'8061022','10/15/2014','07:53:48','19:59:08'),(308,'8061322','10/15/2014','07:52:11','19:58:15'),(309,'8062701','10/15/2014','07:55:57','--:--:--'),(310,'8062703','10/15/2014','07:47:25','19:58:33'),(311,'8062704','10/15/2014','07:52:18','17:24:09'),(312,'8062706','10/15/2014','07:55:27','--:--:--'),(313,'8063316','10/15/2014','07:42:07','21:54:41'),(314,'8063429','10/15/2014','07:48:00','20:01:21'),(315,'8063565','10/15/2014','07:54:46','--:--:--'),(316,'8063600','10/15/2014','07:47:10','21:55:19'),(317,'8064034','10/15/2014','07:43:31','21:58:31'),(318,'8064036','10/15/2014','07:39:35','--:--:--'),(319,'8064037','10/15/2014','07:56:13','21:59:21'),(320,'8064782','10/15/2014','07:57:36','19:58:27'),(321,'8064856','10/15/2014','07:45:28','21:57:02'),(322,'8064857','10/15/2014','07:26:40','22:56:58'),(323,'8064860','10/15/2014','07:49:21','--:--:--'),(324,'8064861','10/15/2014','07:53:40','19:58:56'),(325,'8064862','10/15/2014','20:11:06','--:--:--'),(326,'8064864','10/15/2014','07:50:31','21:56:58'),(327,'8064865','10/15/2014','07:55:29','19:58:35'),(328,'8066156','10/15/2014','07:48:20','19:59:29'),(329,'8066158','10/15/2014','06:48:35','22:02:45'),(330,'8066160','10/15/2014','07:52:55','21:54:45'),(331,'8066161','10/15/2014','07:45:36','21:56:26'),(332,'8066164','10/15/2014','07:52:59','21:54:20'),(333,'8067125','10/15/2014','07:48:40','21:54:54'),(334,'8067126','10/15/2014','07:42:08','20:00:53'),(335,'8067127','10/15/2014','07:56:36','21:53:06'),(336,'8067143','10/15/2014','07:53:56','19:55:42'),(337,'8067144','10/15/2014','07:56:47','21:56:17'),(338,'8067146','10/15/2014','08:29:32','19:56:09'),(339,'8067149','10/15/2014','07:43:18','21:57:25'),(340,'8068877','10/15/2014','07:45:37','19:57:25'),(341,'8068900','10/15/2014','07:54:57','23:10:12'),(342,'8068901','10/15/2014','07:47:53','23:09:20'),(343,'8068918','10/15/2014','07:43:37','17:07:23'),(344,'8068919','10/15/2014','07:53:59','21:55:16'),(345,'8069828','10/15/2014','07:56:20','--:--:--'),(346,'8070277','10/15/2014','07:43:02','21:55:41'),(347,'8070951','10/15/2014','07:56:45','--:--:--'),(348,'8070953','10/15/2014','07:57:24','17:07:01'),(349,'8070954','10/15/2014','07:47:17','20:05:50'),(350,'8070955','10/15/2014','07:52:10','19:58:14'),(351,'8070956','10/15/2014','07:52:42','21:56:34'),(352,'8071107','10/15/2014','07:53:09','17:07:17'),(353,'8071109','10/15/2014','07:55:38','17:20:40'),(354,'8071113','10/15/2014','07:51:03','17:08:01'),(355,'8071124','10/15/2014','07:47:19','21:57:14'),(356,'8071161','10/15/2014','07:46:34','19:57:11'),(357,'8071316','10/15/2014','07:42:03','21:57:08'),(358,'8071317','10/15/2014','07:53:27','20:00:21'),(359,'8071318','10/15/2014','07:43:14','--:--:--'),(360,'8071320','10/15/2014','07:56:45','21:56:21'),(361,'8071323','10/15/2014','07:57:30','--:--:--'),(362,'8071324','10/15/2014','21:55:23','--:--:--'),(363,'8071342','10/15/2014','07:54:17','21:53:27'),(364,'8071381','10/15/2014','07:56:16','--:--:--'),(365,'8071384','10/15/2014','07:54:49','19:56:29'),(366,'8071495','10/15/2014','07:53:26','21:55:46'),(367,'8071497','10/15/2014','07:47:28','17:06:40'),(368,'8071498','10/15/2014','07:54:08','21:53:16'),(369,'8071617','10/15/2014','07:49:11','21:53:58'),(370,'8071621','10/15/2014','07:53:55','21:56:38'),(371,'8073675','10/15/2014','07:49:01','--:--:--'),(372,'8073683','10/15/2014','07:51:12','19:59:20'),(373,'8073684','10/15/2014','07:50:09','21:56:22'),(374,'8073686','10/15/2014','07:49:17','--:--:--'),(375,'8073689','10/15/2014','07:48:26','21:55:26'),(376,'8073691','10/15/2014','07:48:17','23:10:08'),(377,'8073692','10/15/2014','07:46:22','20:10:41'),(378,'8073693','10/15/2014','07:49:46','--:--:--'),(379,'8073705','10/15/2014','07:46:38','--:--:--'),(380,'8074135','10/15/2014','07:49:00','--:--:--'),(381,'8074382','10/15/2014','07:55:22','20:02:43'),(382,'8074384','10/15/2014','07:54:07','19:57:21'),(383,'8075079','10/15/2014','07:55:56','--:--:--'),(384,'8075080','10/15/2014','07:56:25','21:53:30'),(385,'8075088','10/15/2014','07:54:10','19:58:20'),(386,'8075112','10/15/2014','07:55:49','20:00:57'),(387,'8075508','10/15/2014','07:42:03','23:03:28'),(388,'8075509','10/15/2014','06:53:27','--:--:--'),(389,'8075510','10/15/2014','07:47:56','21:56:27'),(390,'8075529','10/15/2014','07:48:59','20:09:21'),(391,'8075781','10/15/2014','07:50:15','21:55:31'),(392,'8075784','10/15/2014','07:37:35','17:12:34'),(393,'8075785','10/15/2014','07:50:19','21:57:11'),(394,'8076237','10/15/2014','07:47:31','21:54:44'),(395,'8076238','10/15/2014','21:50:32','--:--:--'),(396,'8076243','10/15/2014','07:52:20','17:08:09'),(397,'8076638','10/15/2014','07:54:26','--:--:--'),(398,'8076640','10/15/2014','07:56:29','21:53:28'),(399,'8076642','10/15/2014','07:42:01','21:53:26'),(400,'8077921','10/15/2014','07:54:20','21:57:51'),(401,'8077923','10/15/2014','07:51:16','21:54:28'),(402,'8078726','10/15/2014','07:55:24','--:--:--'),(403,'8080653','10/15/2014','07:48:15','23:10:03'),(404,'8080721','10/15/2014','07:56:34','17:07:19'),(405,'8080723','10/15/2014','07:49:37','23:10:14'),(406,'8081116','10/15/2014','07:48:44','21:53:46'),(407,'8081306','10/15/2014','07:47:34','21:55:22'),(408,'8082512','10/15/2014','07:50:27','21:54:08'),(409,'8082549','10/15/2014','07:36:17','21:53:40'),(410,'8082553','10/15/2014','07:56:33','17:06:54'),(411,'8082555','10/15/2014','07:55:29','19:58:22'),(412,'8082560','10/15/2014','07:51:53','21:55:32'),(413,'8082665','10/15/2014','07:50:05','19:56:03'),(414,'8082673','10/15/2014','07:57:29','21:56:48'),(415,'8082879','10/15/2014','07:53:53','21:59:41'),(416,'8083091','10/15/2014','06:42:47','19:59:44'),(417,'8083095','10/15/2014','21:54:47','--:--:--'),(1461017,'0611-9231','10/16/2014','07:37:17','--:--:--'),(1461254,'0111-9207','10/16/2014','07:46:54','--:--:--'),(1461666,'1213-9369','10/16/2014','07:41:17','--:--:--'),(1462227,'0509-9350','10/16/2014','07:47:57','--:--:--'),(1463757,'1209-9149','10/16/2014','07:53:48','--:--:--'),(1463822,'0508-9170','10/16/2014','07:56:13','--:--:--'),(1464151,'0913-9356','10/16/2014','07:46:05','--:--:--'),(1464683,'0612-9246','10/16/2014','07:55:08','--:--:--'),(1465882,'0108-9343','10/16/2014','07:56:31','--:--:--'),(1466292,'0211-9212','10/16/2014','07:53:07','07:53:08'),(1467278,'0511-9224','10/16/2014','07:54:05','--:--:--'),(1469885,'1213-9366','10/16/2014','07:40:51','--:--:--'),(1471999,'0613-9342','10/16/2014','07:55:47','--:--:--'),(1472521,'1212-9318','10/16/2014','07:55:30','--:--:--'),(1472691,'0610-9370','10/16/2014','07:52:05','--:--:--'),(1473134,'0413-9335','10/16/2014','07:47:10','--:--:--'),(1474206,'0912-9299','10/16/2014','07:50:17','--:--:--'),(1477313,'0312-9276','10/16/2014','07:52:11','--:--:--'),(1477946,'0112-9242','10/16/2014','07:52:42','--:--:--'),(1478016,'0410-9169','10/16/2014','07:48:56','--:--:--'),(1478250,'0414-9377','10/16/2014','07:56:39','--:--:--'),(1480925,'1212-9302','10/16/2014','07:51:58','--:--:--'),(1483328,'0612-9244','10/16/2014','07:39:27','--:--:--'),(1485302,'0414-9381','10/16/2014','07:53:24','--:--:--'),(1486311,'0911-9245','10/16/2014','07:47:47','--:--:--'),(1487145,'0612-9345','10/16/2014','07:41:35','--:--:--'),(3571952,'0512-2947','10/16/2014','07:44:29','--:--:--'),(3575598,'0509-1021','10/16/2014','07:49:16','--:--:--'),(3797587,'0313-3710','10/16/2014','07:51:38','--:--:--'),(3924947,'0310-1592','10/16/2014','07:54:58','--:--:--'),(4118807,'0413-3753','10/16/2014','07:53:59','--:--:--'),(5207987,'0612-3033','10/16/2014','07:50:15','--:--:--'),(5210243,'0214-4383','10/16/2014','07:52:50','--:--:--'),(5211286,'1112-3301','10/16/2014','06:47:01','--:--:--'),(5217295,'1113-4239','10/16/2014','07:55:53','--:--:--'),(5219951,'0712-3124','10/16/2014','07:53:33','--:--:--'),(5240671,'0213-3655','10/16/2014','07:54:26','--:--:--'),(5240718,'0312-2797','10/16/2014','06:45:31','--:--:--'),(5246304,'0214-4417','10/16/2014','07:56:14','--:--:--'),(5260952,'0612-3004','10/16/2014','07:50:30','--:--:--'),(5262907,'0712-3122','10/16/2014','07:56:24','--:--:--'),(5264599,'0913-4097','10/16/2014','07:55:13','--:--:--'),(5290806,'0414-4493','10/16/2014','07:50:35','--:--:--'),(5354725,'0513-3962','10/16/2014','07:54:10','--:--:--'),(5388968,'0114-4367','10/16/2014','07:44:32','07:44:33'),(5390518,'0613-4015','10/16/2014','07:54:41','--:--:--'),(5392050,'1112-3316','10/16/2014','07:56:23','--:--:--'),(5392571,'1013-4170','10/16/2014','07:45:57','--:--:--'),(5392572,'0314-4452','10/16/2014','07:40:43','--:--:--'),(5392573,'0211-2212','10/16/2014','07:48:06','--:--:--'),(5392675,'0913-4084','10/16/2014','06:45:00','--:--:--'),(5392688,'1112-3389','10/16/2014','06:51:57','--:--:--'),(5392689,'1113-4276','10/16/2014','07:54:42','--:--:--'),(5392692,'1213-4327','10/16/2014','07:55:45','--:--:--'),(5392693,'0414-4497','10/16/2014','07:28:23','--:--:--'),(5392696,'0413-3845','10/16/2014','07:52:07','07:52:08'),(5393938,'0613-8011','10/16/2014','07:46:47','--:--:--'),(5394342,'0414-4533','10/16/2014','07:49:20','--:--:--'),(5394918,'1112-3295','10/16/2014','07:43:21','--:--:--'),(5395545,'0113-3597','10/16/2014','07:52:25','--:--:--'),(5395724,'1113-4242','10/16/2014','07:45:08','--:--:--'),(5396007,'0214-4386','10/16/2014','07:53:15','--:--:--'),(5396023,'0413-3828','10/16/2014','07:55:17','--:--:--'),(5396027,'1113-4263','10/16/2014','07:51:39','--:--:--'),(5396041,'0912-3263','10/16/2014','07:56:42','--:--:--'),(5396044,'1213-4287','10/16/2014','07:50:20','--:--:--'),(5396314,'0213-3662','10/16/2014','07:49:04','--:--:--'),(5396315,'0314-4443','10/16/2014','07:51:18','--:--:--'),(5396576,'0307-0005','10/16/2014','07:40:05','07:40:05'),(5396579,'0611-2529','10/16/2014','07:42:00','--:--:--'),(5396580,'0313-3720','10/16/2014','07:55:33','--:--:--'),(5396581,'0413-3838','10/16/2014','07:54:20','--:--:--'),(5396583,'0314-4438','10/16/2014','07:58:38','--:--:--'),(5396584,'0113-3578','10/16/2014','07:53:22','--:--:--'),(5397624,'0413-3771','10/16/2014','07:53:03','--:--:--'),(5397626,'1113-4217','10/16/2014','07:53:37','--:--:--'),(5397628,'0113-3596','10/16/2014','07:51:59','--:--:--'),(5397721,'0414-4487','10/16/2014','07:42:03','--:--:--'),(5398734,'0413-3767','10/16/2014','07:42:10','--:--:--'),(5398736,'0613-4016','10/16/2014','07:55:28','--:--:--'),(5399082,'1113-4244','10/16/2014','07:44:59','--:--:--'),(5399084,'0912-3261','10/16/2014','07:51:52','--:--:--'),(5399088,'0214-4411','10/16/2014','07:54:39','--:--:--'),(5399324,'0712-3100','10/16/2014','07:46:57','--:--:--'),(5399325,'0314-4456','10/16/2014','07:50:50','--:--:--'),(5399328,'0314-4441','10/16/2014','07:55:24','--:--:--'),(5399331,'0314-4451','10/16/2014','07:50:48','--:--:--'),(5399332,'1013-4176','10/16/2014','07:53:54','--:--:--'),(5399387,'0113-3599','10/16/2014','07:54:57','--:--:--'),(5399995,'0314-4469','10/16/2014','07:49:36','--:--:--'),(5400183,'0413-3827','10/16/2014','07:50:40','--:--:--'),(5400186,'0814-4599','10/16/2014','07:50:33','--:--:--'),(5400672,'0314-4433','10/16/2014','07:51:15','--:--:--'),(5401960,'0113-3617','10/16/2014','07:52:54','--:--:--'),(5406884,'0513-3900','10/16/2014','07:45:56','--:--:--'),(5407541,'0613-4021','10/16/2014','07:46:37','--:--:--'),(5407544,'1213-4323','10/16/2014','07:54:11','--:--:--'),(5407546,'1113-4209','10/16/2014','07:50:49','--:--:--'),(5408081,'0108-0061','10/16/2014','07:37:13','--:--:--'),(5408276,'0314-4458','10/16/2014','07:54:28','--:--:--'),(5408280,'1009-1193','10/16/2014','07:41:26','--:--:--'),(5408723,'0313-3732','10/16/2014','07:54:36','--:--:--'),(5408725,'0113-3526','10/16/2014','08:00:04','--:--:--'),(5409424,'0214-4427','10/16/2014','07:55:51','--:--:--'),(5409425,'1212-3408','10/16/2014','07:43:42','--:--:--'),(5409428,'0313-3687','10/16/2014','07:53:23','--:--:--'),(5409815,'0613-4002','10/16/2014','07:51:07','--:--:--'),(5409816,'0214-4387','10/16/2014','07:51:04','--:--:--'),(5409817,'0413-3833','10/16/2014','07:52:13','--:--:--'),(5409946,'0612-3015','10/16/2014','07:50:21','--:--:--'),(5410039,'0109-0585','10/16/2014','07:38:58','--:--:--'),(5410093,'0613-4071','10/16/2014','07:46:39','--:--:--'),(5410111,'0114-4374','10/16/2014','07:54:35','--:--:--'),(5410517,'1111-2645','10/16/2014','07:54:09','--:--:--'),(5410860,'1113-4189','10/16/2014','07:52:10','--:--:--'),(5410896,'0413-3856','10/16/2014','07:48:18','--:--:--'),(5410899,'0413-3873','10/16/2014','07:51:25','--:--:--'),(5410902,'0413-3791','10/16/2014','07:54:23','--:--:--'),(5411074,'1113-4247','10/16/2014','07:48:28','--:--:--'),(5411622,'0114-4382','10/16/2014','07:55:26','--:--:--'),(5411628,'1112-3353','10/16/2014','07:46:59','07:47:00'),(5412204,'0912-3178','10/16/2014','07:41:32','--:--:--'),(5412206,'0214-4398','10/16/2014','07:52:45','--:--:--'),(5412295,'1213-4319','10/16/2014','07:46:03','--:--:--'),(5413011,'1113-4250','10/16/2014','07:36:09','--:--:--'),(5414720,'0414-4502','10/16/2014','07:45:25','--:--:--'),(5414721,'1112-3291','10/16/2014','07:54:24','--:--:--'),(5414722,'1112-3289','10/16/2014','07:41:39','--:--:--'),(5414725,'0412-2880','10/16/2014','07:50:46','--:--:--'),(5415740,'0113-3527','10/16/2014','07:55:43','--:--:--'),(5415741,'0111-2167','10/16/2014','07:53:36','--:--:--'),(5415743,'1213-4306','10/16/2014','07:49:05','--:--:--'),(5415873,'0409-0972','10/16/2014','07:57:10','--:--:--'),(5417105,'0413-4098','10/16/2014','07:51:01','--:--:--'),(5417107,'1111-2679','10/16/2014','07:54:08','--:--:--'),(5417924,'1213-4304','10/16/2014','07:53:29','--:--:--'),(5417925,'1112-3401','10/16/2014','07:48:16','--:--:--'),(5417928,'0413-3862','10/16/2014','07:57:05','--:--:--'),(5417930,'0913-4118','10/16/2014','07:50:44','--:--:--'),(5420899,'1213-4315','10/16/2014','07:35:16','--:--:--'),(5420901,'1113-4285','10/16/2014','07:46:09','--:--:--'),(5420902,'0113-3634','10/16/2014','07:46:19','--:--:--'),(5420920,'1212-3462','10/16/2014','07:52:35','07:52:35'),(5421492,'0314-4436','10/16/2014','07:53:13','--:--:--'),(5421493,'0413-3866','10/16/2014','07:56:15','--:--:--'),(5422203,'0113-3641','10/16/2014','07:51:17','--:--:--'),(5422204,'0911-2586','10/16/2014','07:49:15','--:--:--'),(5422205,'1013-4148','10/16/2014','07:53:52','--:--:--'),(5422206,'0313-3692','10/16/2014','07:52:43','--:--:--'),(5422207,'0512-2967','10/16/2014','07:50:58','--:--:--'),(5422715,'0214-4389','10/16/2014','07:43:50','--:--:--'),(5432057,'0313-3741','10/16/2014','07:57:04','--:--:--'),(5432555,'0314-4471','10/16/2014','07:53:25','--:--:--'),(5435208,'1111-2713','10/16/2014','07:53:10','--:--:--'),(5435621,'0413-3855','10/16/2014','07:51:45','--:--:--'),(5435623,'0213-3667','10/16/2014','07:47:31','--:--:--'),(5436922,'0513-3919','10/16/2014','07:54:04','--:--:--'),(5436924,'0312-2818','10/16/2014','07:55:29','--:--:--'),(5436925,'0313-3701','10/16/2014','07:54:07','--:--:--'),(5436926,'0214-4425','10/16/2014','07:42:24','--:--:--'),(5440495,'1013-4132','10/16/2014','06:54:47','--:--:--'),(5440496,'0413-3881','10/16/2014','07:46:30','--:--:--'),(5440498,'0613-4039','10/16/2014','07:49:26','--:--:--'),(5440499,'0513-3928','10/16/2014','07:51:36','--:--:--'),(5440657,'1113-4254','10/16/2014','06:54:50','--:--:--'),(5440659,'0913-4115','10/16/2014','07:57:51','--:--:--'),(5441567,'1212-3469','10/16/2014','07:52:36','--:--:--'),(5444172,'0413-4104','10/16/2014','07:46:11','--:--:--'),(5444174,'0214-4394','10/16/2014','07:48:11','--:--:--'),(5444180,'0214-4429','10/16/2014','07:52:51','--:--:--'),(5444796,'0313-3717','10/16/2014','07:53:02','--:--:--'),(5444798,'0513-3915','10/16/2014','07:48:12','--:--:--'),(5444799,'0612-3009','10/16/2014','07:49:06','--:--:--'),(5444800,'0414-4501','10/16/2014','07:43:33','--:--:--'),(5444801,'0414-4534','10/16/2014','07:46:21','--:--:--'),(5444804,'0213-3652','10/16/2014','07:47:51','--:--:--'),(5979100,'1111-9383','10/16/2014','07:56:07','--:--:--'),(5979300,'1213-9368','10/16/2014','07:51:23','--:--:--'),(5979392,'0113-9315','10/16/2014','07:52:57','--:--:--'),(5980453,'0113-9311','10/16/2014','07:54:16','--:--:--'),(5980997,'0413-9330','10/16/2014','07:54:38','--:--:--'),(5981168,'0913-9353','10/16/2014','07:31:54','--:--:--'),(5982978,'1111-9254','10/16/2014','08:04:23','--:--:--'),(5983548,'0314-9373','10/16/2014','10:27:07','--:--:--'),(5984595,'0508-9108','10/16/2014','07:52:47','--:--:--'),(5984707,'0912-9257','10/16/2014','07:53:16','--:--:--'),(5985202,'1209-9142','10/16/2014','08:01:03','--:--:--'),(5985209,'0708-9058','10/16/2014','08:13:01','--:--:--'),(5985786,'0708-9068','10/16/2014','07:59:49','--:--:--'),(5985852,'0109-9294','10/16/2014','07:48:30','--:--:--'),(5986516,'0612-9291','10/16/2014','07:21:11','--:--:--'),(5987445,'0612-9293','10/16/2014','07:21:22','--:--:--'),(5988523,'0413-9336','10/16/2014','07:42:13','--:--:--'),(5989516,'0407-9008','10/16/2014','08:01:09','--:--:--'),(5990403,'0913-9354','10/16/2014','07:50:39','--:--:--'),(5991967,'0211-9278','10/16/2014','07:37:26','--:--:--'),(5993022,'0310-9284','10/16/2014','07:45:51','--:--:--'),(5993077,'0708-9348','10/16/2014','07:48:10','--:--:--'),(5997401,'0408-9277','10/16/2014','07:54:46','--:--:--'),(5997831,'0412-9243','10/16/2014','07:37:46','--:--:--'),(5999020,'0913-9358','10/16/2014','07:45:54','--:--:--'),(6004916,'1206-9001','10/16/2014','07:21:16','--:--:--'),(6006027,'1113-9360','10/16/2014','07:42:39','--:--:--'),(8035271,'0814-4605','10/16/2014','07:53:51','--:--:--'),(8037263,'0814-4586','10/16/2014','07:44:26','--:--:--'),(8050931,'0514-4535','10/16/2014','07:48:40','--:--:--'),(8055409,'0913-4107','10/16/2014','07:56:17','--:--:--'),(8055411,'0413-3781','10/16/2014','07:53:41','--:--:--'),(8055429,'1212-3515','10/16/2014','07:54:51','07:54:52'),(8056200,'0814-4625','10/16/2014','07:40:21','--:--:--'),(8056208,'0213-3677','10/16/2014','07:49:18','--:--:--'),(8056397,'0814-4612','10/16/2014','07:54:50','--:--:--'),(8056398,'0814-4619','10/16/2014','07:46:41','--:--:--'),(8056401,'0814-4632','10/16/2014','07:56:29','--:--:--'),(8056402,'0814-4595','10/16/2014','07:40:35','--:--:--'),(8056403,'0708-0330','10/16/2014','07:52:16','--:--:--'),(8056548,'0814-4588','10/16/2014','07:52:04','--:--:--'),(8057130,'1113-4246','10/16/2014','07:54:40','--:--:--'),(8058142,'0814-4623','10/16/2014','07:56:10','--:--:--'),(8058813,'0312-2832','10/16/2014','07:53:42','--:--:--'),(8058995,'0814-4601','10/16/2014','07:52:09','--:--:--'),(8058996,'0814-4629','10/16/2014','07:53:50','--:--:--'),(8059575,'0814-9390','10/16/2014','07:31:53','07:47:40'),(8059581,'0413-3831','10/16/2014','07:53:44','--:--:--'),(8059749,'1112-3382','10/16/2014','07:43:39','--:--:--'),(8059753,'0314-4432','10/16/2014','07:51:56','--:--:--'),(8059754,'0414-4517','10/16/2014','07:52:24','--:--:--'),(8060508,'0311-2296','10/16/2014','07:55:48','--:--:--'),(8060511,'0613-4072','10/16/2014','08:04:03','--:--:--'),(8060516,'0412-4930','10/16/2014','07:59:10','--:--:--'),(8060585,'0214-4407','10/16/2014','07:37:04','--:--:--'),(8060586,'1212-3482','10/16/2014','06:54:25','--:--:--'),(8060587,'0114-4356','10/16/2014','07:35:46','--:--:--'),(8060588,'0513-3947','10/16/2014','07:46:01','--:--:--'),(8060590,'0114-4366','10/16/2014','07:49:28','--:--:--'),(8060591,'0114-4363','10/16/2014','07:41:52','--:--:--'),(8060593,'1112-3322','10/16/2014','07:52:20','--:--:--'),(8060667,'0413-3836','10/16/2014','07:53:43','--:--:--'),(8060673,'0411-2322','10/16/2014','07:54:03','--:--:--'),(8060676,'0309-0797','10/16/2014','07:56:19','--:--:--'),(8061022,'0413-3821','10/16/2014','07:54:11','--:--:--'),(8061322,'0513-3940','10/16/2014','07:56:01','--:--:--'),(8062701,'1111-2613','10/16/2014','07:56:09','--:--:--'),(8062703,'0814-4561','10/16/2014','07:42:31','--:--:--'),(8062704,'0814-4613','10/16/2014','07:46:36','--:--:--'),(8062706,'1111-2728','10/16/2014','07:55:37','--:--:--'),(8063316,'1113-4219','10/16/2014','07:43:30','--:--:--'),(8063429,'0412-2928','10/16/2014','07:51:09','--:--:--'),(8063565,'0110-1404','10/16/2014','07:55:20','--:--:--'),(8063600,'1212-3457','10/16/2014','07:47:54','--:--:--'),(8064034,'0413-3817','10/16/2014','07:48:35','--:--:--'),(8064036,'1113-4230','10/16/2014','07:45:58','--:--:--'),(8064037,'0613-4003','10/16/2014','07:58:28','--:--:--'),(8064782,'0314-4476','10/16/2014','07:54:02','--:--:--'),(8064856,'0513-3921','10/16/2014','07:48:52','--:--:--'),(8064857,'1113-4204','10/16/2014','07:50:57','--:--:--'),(8064860,'1212-3433','10/16/2014','07:50:52','--:--:--'),(8064861,'0814-4562','10/16/2014','07:51:40','--:--:--'),(8064862,'0113-3584','10/16/2014','07:51:22','--:--:--'),(8064864,'0413-3819','10/16/2014','07:53:39','--:--:--'),(8064865,'1213-4324','10/16/2014','07:55:23','--:--:--'),(8066156,'0814-4593','10/16/2014','07:48:41','--:--:--'),(8066158,'0310-1611','10/16/2014','07:06:06','--:--:--'),(8066160,'0814-4591','10/16/2014','07:49:39','--:--:--'),(8066164,'0814-4602','10/16/2014','07:54:18','--:--:--'),(8067125,'0814-4569','10/16/2014','07:51:47','--:--:--'),(8067126,'0814-4633','10/16/2014','07:48:42','--:--:--'),(8067127,'0313-3731','10/16/2014','07:56:45','--:--:--'),(8067143,'0814-4590','10/16/2014','07:52:59','--:--:--'),(8067144,'0614-4549','10/16/2014','07:56:59','--:--:--'),(8067146,'0814-4611','10/16/2014','07:48:20','--:--:--'),(8067149,'0814-4576','10/16/2014','07:46:27','--:--:--'),(8068877,'0413-3768','10/16/2014','07:47:08','--:--:--'),(8068900,'0513-3988','10/16/2014','07:51:50','--:--:--'),(8068901,'1013-4165','10/16/2014','07:41:01','--:--:--'),(8068918,'0111-2154','10/16/2014','07:42:51','--:--:--'),(8068919,'0610-1846','10/16/2014','07:54:32','--:--:--'),(8069828,'0512-2941','10/16/2014','07:56:56','--:--:--'),(8070277,'0514-4539','10/16/2014','07:50:41','--:--:--'),(8070695,'1212-3496','10/16/2014','07:58:33','--:--:--'),(8070951,'0513-3885','10/16/2014','07:53:05','--:--:--'),(8070953,'0314-4477','10/16/2014','07:41:37','--:--:--'),(8070954,'1112-3277','10/16/2014','07:51:49','--:--:--'),(8070955,'0414-4514','10/16/2014','07:55:59','--:--:--'),(8070956,'0314-4440','10/16/2014','07:51:48','--:--:--'),(8071107,'1111-2714','10/16/2014','07:49:42','--:--:--'),(8071109,'0411-2395','10/16/2014','07:54:01','--:--:--'),(8071113,'0113-3606','10/16/2014','07:51:02','--:--:--'),(8071114,'1013-4151','10/16/2014','07:56:05','--:--:--'),(8071124,'0814-4603','10/16/2014','07:54:49','--:--:--'),(8071161,'1112-3323','10/16/2014','07:48:33','--:--:--'),(8071316,'1013-4173','10/16/2014','07:51:42','--:--:--'),(8071317,'0513-3977','10/16/2014','07:48:43','--:--:--'),(8071318,'0312-2752','10/16/2014','07:53:21','--:--:--'),(8071320,'0513-3937','10/16/2014','07:55:20','--:--:--'),(8071342,'0613-4025','10/16/2014','07:54:12','--:--:--'),(8071381,'0412-2920','10/16/2014','07:56:27','--:--:--'),(8071384,'1111-2639','10/16/2014','07:51:27','--:--:--'),(8071495,'0211-2213','10/16/2014','07:52:32','--:--:--'),(8071497,'0111-2188','10/16/2014','07:48:38','--:--:--'),(8071498,'0511-2417','10/16/2014','07:53:32','--:--:--'),(8071617,'0413-3820','10/16/2014','07:54:27','--:--:--'),(8071621,'0913-4100','10/16/2014','07:53:29','--:--:--'),(8073683,'0814-4582','10/16/2014','07:47:33','--:--:--'),(8073684,'0814-4578','10/16/2014','07:53:53','--:--:--'),(8073686,'0814-4572','10/16/2014','07:49:00','--:--:--'),(8073689,'0814-4580','10/16/2014','07:50:18','--:--:--'),(8073692,'0814-4574','10/16/2014','07:53:09','--:--:--'),(8074135,'1213-4296','10/16/2014','07:53:26','--:--:--'),(8074136,'0408-0175','10/16/2014','07:51:54','--:--:--'),(8074382,'0413-3769','10/16/2014','07:54:21','07:54:22'),(8074384,'0312-2781','10/16/2014','07:55:02','--:--:--'),(8075079,'1007-0346','10/16/2014','08:00:01','--:--:--'),(8075080,'0913-4127','10/16/2014','07:48:31','--:--:--'),(8075088,'1113-4261','10/16/2014','07:52:21','--:--:--'),(8075112,'1113-4253','10/16/2014','07:54:55','--:--:--'),(8075508,'0414-4486','10/16/2014','07:51:41','--:--:--'),(8075509,'0411-2338','10/16/2014','06:54:18','--:--:--'),(8075510,'0513-3944','10/16/2014','07:47:49','--:--:--'),(8075529,'1112-3325','10/16/2014','07:52:22','--:--:--'),(8075781,'0912-3166','10/16/2014','07:46:15','--:--:--'),(8075784,'0513-3898','10/16/2014','07:52:07','--:--:--'),(8075785,'0913-4109','10/16/2014','07:51:33','--:--:--'),(8076237,'0614-4545','10/16/2014','07:50:28','--:--:--'),(8076243,'0814-4568','10/16/2014','07:51:19','--:--:--'),(8076640,'0313-3686','10/16/2014','07:52:14','--:--:--'),(8076642,'1113-4192','10/16/2014','07:36:17','--:--:--'),(8077921,'0814-4618','10/16/2014','07:48:22','--:--:--'),(8077923,'0814-4621','10/16/2014','07:50:23','--:--:--'),(8080650,'0814-4558','10/16/2014','07:54:44','--:--:--'),(8080653,'0814-4597','10/16/2014','07:55:18','--:--:--'),(8080721,'0814-4614','10/16/2014','07:55:13','--:--:--'),(8080723,'0814-4571','10/16/2014','07:55:14','--:--:--'),(8081116,'0113-3541','10/16/2014','07:47:55','--:--:--'),(8081306,'0814-4584','10/16/2014','07:50:24','--:--:--'),(8082512,'0814-4565','10/16/2014','07:48:59','--:--:--'),(8082549,'0409-0924','10/16/2014','07:36:15','--:--:--'),(8082553,'0413-3802','10/16/2014','07:54:14','--:--:--'),(8082555,'0414-4521','10/16/2014','07:55:12','--:--:--'),(8082560,'0309-0788','10/16/2014','07:51:21','--:--:--'),(8082562,'0313-3685','10/16/2014','07:48:27','--:--:--'),(8082665,'0712-3104','10/16/2014','07:49:47','--:--:--'),(8082673,'0414-4488','10/16/2014','07:59:21','--:--:--'),(8082879,'1112-3324','10/16/2014','07:53:57','--:--:--'),(8083091,'1112-3313','10/16/2014','06:51:30','--:--:--'),(8083095,'0312-2754','10/16/2014','07:54:47','--:--:--'),(8083096,'5402344','2014-10-18','07:00','17:00'),(8083097,'5402340','2014-10-18','07:00','17:00'),(8083098,'5390351','2014-10-18','07:00','17:00'),(8083099,'8059749','2014-10-18','07:00','17:00'),(8083100,'5395977','2014-10-18','07:00','17:00'),(8083101,'5413392','2014-10-18','07:00','17:00'),(8083102,'5406423','2014-10-18','07:00','17:00'),(8083103,'5404120','2014-10-18','07:00','17:00'),(8083104,'5404945','2014-10-18','07:00','17:00'),(8083105,'5413394','2014-10-18','07:00','17:00'),(8083106,'5395981','2014-10-18','07:00','17:00'),(8083107,'5395978','2014-10-18','07:00','17:00'),(8083108,'5394918','2014-10-18','07:00','17:00'),(8083109,'5399870','2014-10-18','07:00','17:00'),(8083110,'5402344','2014-10-18','07:00','17:00'),(8083111,'8063564','2014-10-18','07:00','17:00'),(8083112,'8069774','2014-10-18','07:00','17:00'),(8083113,'8055380','2014-10-18','07:00','17:00'),(8083114,'5395982','2014-10-18','07:00','17:00'),(8083115,'5394902','2014-10-18','07:00','17:00'),(8083116,'5413010','2014-10-18','07:00','17:00'),(8083117,'8082673','2014-10-18','07:00','17:00'),(8083118,'8061024','2014-10-18','07:00','17:00'),(8083119,'5407448','2014-10-18','07:00','17:00'),(8083120,'8059745','2014-10-18','07:00','17:00'),(8083121,'5390353','2014-10-18','07:00','17:00'),(8083122,'5388971','2014-10-18','07:00','17:00'),(8083123,'8060672','2014-10-18','07:00','17:00'),(8083124,'5429351','2014-10-18','07:00','17:00'),(8083125,'5391566','2014-10-18','07:00','17:00'),(8083126,'5167464','2014-10-18','07:00','17:00'),(8083127,'8068874','2014-10-18','07:00','17:00'),(8083128,'5411139','2014-10-18','07:00','17:00'),(8083129,'8059605','2014-10-18','07:00','17:00'),(8083130,'8071105','2014-10-18','07:00','17:00'),(8083131,'5402343','2014-10-18','07:00','17:00'),(8083132,'5390354','2014-10-18','07:00','17:00'),(8083133,'8068920','2014-10-18','07:00','17:00'),(8083134,'5393613','2014-10-18','07:00','17:00'),(8083135,'5404945','2014-10-21','08:00','17:00'),(8083136,'5413394','2014-10-21','08:00','17:00'),(8083137,'5394918','2014-10-21','08:00','17:00'),(8083138,'5402344','2014-10-21','08:00','17:00'),(8083139,'8069774','2014-10-21','08:00','17:00'),(8083140,'5395982','2014-10-21','08:00','17:00'),(8083141,'5413010','2014-10-21','08:00','17:00'),(8083142,'8061024','2014-10-21','08:00','17:00'),(8083143,'5407448','2014-10-21','08:00','17:00'),(8083144,'5390353','2014-10-21','08:00','17:00'),(8083145,'8068874','2014-10-21','08:00','17:00'),(8083146,'5240718','2014-10-21','06:41','06:41'),(8083147,'5392696','2014-10-21','07:51','07:51'),(8083148,'5411628','2014-10-21','07:45','07:45'),(8083149,'5417930','2014-10-21','07:49','07:49'),(8083150,'8060585','2014-10-21','07:34','07:34'),(8083151,'8068877','2014-10-21','07:46','07:46'),(8083152,'8075784','2014-10-21','07:51','07:51'),(8083153,'0107-9003','-00-00','00:00','00:00'),(8083154,'0108-0050','-00-00','00:00','00:00'),(8083155,'0108-0061','-00-00','00:00','00:00'),(8083156,'0108-0352','-00-00','00:00','00:00'),(8083157,'0108-9209','-00-00','00:00','00:00'),(8083158,'0108-9236','-00-00','00:00','00:00'),(8083159,'0108-9343','-00-00','00:00','00:00'),(8083160,'0109-0585','-00-00','00:00','00:00'),(8083161,'0109-0598','-00-00','00:00','00:00'),(8083162,'0109-0636','-00-00','00:00','00:00'),(8083163,'0109-0688','-00-00','00:00','00:00'),(8083164,'0109-9294','-00-00','00:00','00:00'),(8083165,'0110-1404','-00-00','00:00','00:00'),(8083166,'0111-2119','-00-00','00:00','00:00'),(8083167,'0111-2142','-00-00','00:00','00:00'),(8083168,'0111-2146','-00-00','00:00','00:00'),(8083169,'0111-2154','-00-00','00:00','00:00'),(8083170,'0111-2167','-00-00','00:00','00:00'),(8083171,'0111-2188','-00-00','00:00','00:00'),(8083172,'0111-9207','-00-00','00:00','00:00'),(8083173,'0112-9242','-00-00','00:00','00:00'),(8083174,'0112-9260','-00-00','00:00','00:00'),(8083175,'0113-3525','-00-00','00:00','00:00'),(8083176,'0113-3526','-00-00','00:00','00:00'),(8083177,'0113-3527','-00-00','00:00','00:00'),(8083178,'0113-3541','-00-00','00:00','00:00'),(8083179,'0113-3553','-00-00','00:00','00:00'),(8083180,'0113-3554','-00-00','00:00','00:00'),(8083181,'0113-3558','-00-00','00:00','00:00'),(8083182,'0113-3568','-00-00','00:00','00:00'),(8083183,'0113-3569','-00-00','00:00','00:00'),(8083184,'0113-3572','-00-00','00:00','00:00'),(8083185,'0113-3573','-00-00','00:00','00:00'),(8083186,'0113-3578','-00-00','00:00','00:00'),(8083187,'0113-3582','-00-00','00:00','00:00'),(8083188,'0113-3584','-00-00','00:00','00:00'),(8083189,'0113-3587','-00-00','00:00','00:00'),(8083190,'0113-3590','-00-00','00:00','00:00'),(8083191,'0113-3596','-00-00','00:00','00:00'),(8083192,'0113-3597','-00-00','00:00','00:00'),(8083193,'0113-3599','-00-00','00:00','00:00'),(8083194,'0113-3606','-00-00','00:00','00:00'),(8083195,'0113-3613','-00-00','00:00','00:00'),(8083196,'0113-3616','-00-00','00:00','00:00'),(8083197,'0113-3617','-00-00','00:00','00:00'),(8083198,'0113-3634','-00-00','00:00','00:00'),(8083199,'0113-3641','-00-00','00:00','00:00'),(8083200,'0113-9308','-00-00','00:00','00:00'),(8083201,'0113-9311','-00-00','00:00','00:00'),(8083202,'0113-9315','-00-00','00:00','00:00'),(8083203,'0114-4353','-00-00','00:00','00:00'),(8083204,'0114-4356','-00-00','00:00','00:00'),(8083205,'0114-4359','-00-00','00:00','00:00'),(8083206,'0114-4363','-00-00','00:00','00:00'),(8083207,'0114-4364','-00-00','00:00','00:00'),(8083208,'0114-4365','-00-00','00:00','00:00'),(8083209,'0114-4366','-00-00','00:00','00:00'),(8083210,'0114-4367','-00-00','00:00','00:00'),(8083211,'0114-4370','-00-00','00:00','00:00'),(8083212,'0114-4371','-00-00','00:00','00:00'),(8083213,'0114-4374','-00-00','00:00','00:00'),(8083214,'0114-4375','-00-00','00:00','00:00'),(8083215,'0114-4376','-00-00','00:00','00:00'),(8083216,'0114-4378','-00-00','00:00','00:00'),(8083217,'0114-4379','-00-00','00:00','00:00'),(8083218,'0114-4381','-00-00','00:00','00:00'),(8083219,'0114-4382','-00-00','00:00','00:00'),(8083220,'0114-9248','-00-00','00:00','00:00'),(8083221,'0210-9349','-00-00','00:00','00:00'),(8083222,'0211-2193','-00-00','00:00','00:00'),(8083223,'0211-2212','-00-00','00:00','00:00'),(8083224,'0211-2213','-00-00','00:00','00:00'),(8083225,'0211-9212','-00-00','00:00','00:00'),(8083226,'0211-9278','-00-00','00:00','00:00'),(8083227,'0212-2743','-00-00','00:00','00:00'),(8083228,'0213-3645','-00-00','00:00','00:00'),(8083229,'0213-3646','-00-00','00:00','00:00'),(8083230,'0213-3647','-00-00','00:00','00:00'),(8083231,'0213-3652','-00-00','00:00','00:00'),(8083232,'0213-3655','-00-00','00:00','00:00'),(8083233,'0213-3657','-00-00','00:00','00:00'),(8083234,'0213-3662','-00-00','00:00','00:00'),(8083235,'0213-3667','-00-00','00:00','00:00'),(8083236,'0213-3677','-00-00','00:00','00:00'),(8083237,'0213-9321','-00-00','00:00','00:00'),(8083238,'0214-4383','-00-00','00:00','00:00'),(8083239,'0214-4386','-00-00','00:00','00:00'),(8083240,'0214-4387','-00-00','00:00','00:00'),(8083241,'0214-4388','-00-00','00:00','00:00'),(8083242,'0214-4389','-00-00','00:00','00:00'),(8083243,'0214-4390','-00-00','00:00','00:00'),(8083244,'0214-4392','-00-00','00:00','00:00'),(8083245,'0214-4393','-00-00','00:00','00:00'),(8083246,'0214-4394','-00-00','00:00','00:00'),(8083247,'0214-4395','-00-00','00:00','00:00'),(8083248,'0214-4396','-00-00','00:00','00:00'),(8083249,'0214-4398','-00-00','00:00','00:00'),(8083250,'0214-4400','-00-00','00:00','00:00'),(8083251,'0214-4407','-00-00','00:00','00:00'),(8083252,'0214-4410','-00-00','00:00','00:00'),(8083253,'0214-4411','-00-00','00:00','00:00'),(8083254,'0214-4412','-00-00','00:00','00:00'),(8083255,'0214-4413','-00-00','00:00','00:00'),(8083256,'0214-4414','-00-00','00:00','00:00'),(8083257,'0214-4415','-00-00','00:00','00:00'),(8083258,'0214-4416','-00-00','00:00','00:00'),(8083259,'0214-4417','-00-00','00:00','00:00'),(8083260,'0214-4420','-00-00','00:00','00:00'),(8083261,'0214-4425','-00-00','00:00','00:00'),(8083262,'0214-4427','-00-00','00:00','00:00'),(8083263,'0214-4428','-00-00','00:00','00:00'),(8083264,'0214-4429','-00-00','00:00','00:00'),(8083265,'0214-4430','-00-00','00:00','00:00'),(8083266,'0214-9371','-00-00','00:00','00:00'),(8083267,'0214-9374','-00-00','00:00','00:00'),(8083268,'0307-0005','-00-00','00:00','00:00'),(8083269,'0309-0787','-00-00','00:00','00:00'),(8083270,'0309-0788','-00-00','00:00','00:00'),(8083271,'0309-0797','-00-00','00:00','00:00'),(8083272,'0309-9096','-00-00','00:00','00:00'),(8083273,'0310-1532','-00-00','00:00','00:00'),(8083274,'0310-1550','-00-00','00:00','00:00'),(8083275,'0310-1554','-00-00','00:00','00:00'),(8083276,'0310-1584','-00-00','00:00','00:00'),(8083277,'0310-1592','-00-00','00:00','00:00'),(8083278,'0310-1611','-00-00','00:00','00:00'),(8083279,'0310-9284','-00-00','00:00','00:00'),(8083280,'0311-2249','-00-00','00:00','00:00'),(8083281,'0311-2253','-00-00','00:00','00:00'),(8083282,'0311-2258','-00-00','00:00','00:00'),(8083283,'0311-2270','-00-00','00:00','00:00'),(8083284,'0311-2271','-00-00','00:00','00:00'),(8083285,'0311-2292','-00-00','00:00','00:00'),(8083286,'0311-2293','-00-00','00:00','00:00'),(8083287,'0311-2296','-00-00','00:00','00:00'),(8083288,'0311-2313','-00-00','00:00','00:00'),(8083289,'0312-2751','-00-00','00:00','00:00'),(8083290,'0312-2752','-00-00','00:00','00:00'),(8083291,'0312-2754','-00-00','00:00','00:00'),(8083292,'0312-2764','-00-00','00:00','00:00'),(8083293,'0312-2771','-00-00','00:00','00:00'),(8083294,'0312-2781','-00-00','00:00','00:00'),(8083295,'0312-2791','-00-00','00:00','00:00'),(8083296,'0312-2797','-00-00','00:00','00:00'),(8083297,'0312-2818','-00-00','00:00','00:00'),(8083298,'0312-2832','-00-00','00:00','00:00'),(8083299,'0312-2832','-00-00','00:00','00:00'),(8083300,'0312-9270','-00-00','00:00','00:00'),(8083301,'0312-9273','-00-00','00:00','00:00'),(8083302,'0312-9276','-00-00','00:00','00:00'),(8083303,'0313-3678','-00-00','00:00','00:00'),(8083304,'0313-3679','-00-00','00:00','00:00'),(8083305,'0313-3685','-00-00','00:00','00:00'),(8083306,'0313-3686','-00-00','00:00','00:00'),(8083307,'0313-3687','-00-00','00:00','00:00'),(8083308,'0313-3690','-00-00','00:00','00:00'),(8083309,'0313-3692','-00-00','00:00','00:00'),(8083310,'0313-3701','-00-00','00:00','00:00'),(8083311,'0313-3703','-00-00','00:00','00:00'),(8083312,'0313-3704','-00-00','00:00','00:00'),(8083313,'0313-3710','-00-00','00:00','00:00'),(8083314,'0313-3717','-00-00','00:00','00:00'),(8083315,'0313-3720','-00-00','00:00','00:00'),(8083316,'0313-3723','-00-00','00:00','00:00'),(8083317,'0313-3728','-00-00','00:00','00:00'),(8083318,'0313-3731','-00-00','00:00','00:00'),(8083319,'0313-3732','-00-00','00:00','00:00'),(8083320,'0313-3741','-00-00','00:00','00:00'),(8083321,'0313-9326','-00-00','00:00','00:00'),(8083322,'0314-4429','-00-00','00:00','00:00'),(8083323,'0314-4432','-00-00','00:00','00:00'),(8083324,'0314-4433','-00-00','00:00','00:00'),(8083325,'0314-4436','-00-00','00:00','00:00'),(8083326,'0314-4437','-00-00','00:00','00:00'),(8083327,'0314-4438','-00-00','00:00','00:00'),(8083328,'0314-4440','-00-00','00:00','00:00'),(8083329,'0314-4441','-00-00','00:00','00:00'),(8083330,'0314-4442','-00-00','00:00','00:00'),(8083331,'0314-4443','-00-00','00:00','00:00'),(8083332,'0314-4446','-00-00','00:00','00:00'),(8083333,'0314-4447','-00-00','00:00','00:00'),(8083334,'0314-4448','-00-00','00:00','00:00'),(8083335,'0314-4450','-00-00','00:00','00:00'),(8083336,'0314-4451','-00-00','00:00','00:00'),(8083337,'0314-4452','-00-00','00:00','00:00'),(8083338,'0314-4453','-00-00','00:00','00:00'),(8083339,'0314-4455','-00-00','00:00','00:00'),(8083340,'0314-4456','-00-00','00:00','00:00'),(8083341,'0314-4457','-00-00','00:00','00:00'),(8083342,'0314-4458','-00-00','00:00','00:00'),(8083343,'0314-4459','-00-00','00:00','00:00'),(8083344,'0314-4460','-00-00','00:00','00:00'),(8083345,'0314-4463','-00-00','00:00','00:00'),(8083346,'0314-4466','-00-00','00:00','00:00'),(8083347,'0314-4468','-00-00','00:00','00:00'),(8083348,'0314-4469','-00-00','00:00','00:00'),(8083349,'0314-4471','-00-00','00:00','00:00'),(8083350,'0314-4472','-00-00','00:00','00:00'),(8083351,'0314-4473','-00-00','00:00','00:00'),(8083352,'0314-4474','-00-00','00:00','00:00'),(8083353,'0314-4476','-00-00','00:00','00:00'),(8083354,'0314-4477','-00-00','00:00','00:00'),(8083355,'0314-4478','-00-00','00:00','00:00'),(8083356,'0314-4479','-00-00','00:00','00:00'),(8083357,'0314-4480','-00-00','00:00','00:00'),(8083358,'0314-4481','-00-00','00:00','00:00'),(8083359,'0314-4482','-00-00','00:00','00:00'),(8083360,'0314-4483','-00-00','00:00','00:00'),(8083361,'0314-9373','-00-00','00:00','00:00'),(8083362,'0314-9375','-00-00','00:00','00:00'),(8083363,'0314-9380','-00-00','00:00','00:00'),(8083364,'0407-9007','-00-00','00:00','00:00'),(8083365,'0407-9008','-00-00','00:00','00:00'),(8083366,'0408-0151','-00-00','00:00','00:00'),(8083367,'0408-0156','-00-00','00:00','00:00'),(8083368,'0408-0175','-00-00','00:00','00:00'),(8083369,'0408-9030','-00-00','00:00','00:00'),(8083370,'0408-9277','-00-00','00:00','00:00'),(8083371,'0409-0910','-00-00','00:00','00:00'),(8083372,'0409-0924','-00-00','00:00','00:00'),(8083373,'0409-0972','-00-00','00:00','00:00'),(8083374,'0410-1630','-00-00','00:00','00:00'),(8083375,'0410-1665','-00-00','00:00','00:00'),(8083376,'0410-1675','-00-00','00:00','00:00'),(8083377,'0410-1688','-00-00','00:00','00:00'),(8083378,'0410-9166','-00-00','00:00','00:00'),(8083379,'0410-9169','-00-00','00:00','00:00'),(8083380,'0411-2322','-00-00','00:00','00:00'),(8083381,'0411-2325','-00-00','00:00','00:00'),(8083382,'0411-2332','-00-00','00:00','00:00'),(8083383,'0411-2338','-00-00','00:00','00:00'),(8083384,'0411-2364','-00-00','00:00','00:00'),(8083385,'0411-2395','-00-00','00:00','00:00'),(8083386,'0411-9230','-00-00','00:00','00:00'),(8083387,'0412-2851','-00-00','00:00','00:00'),(8083388,'0412-2863','-00-00','00:00','00:00'),(8083389,'0412-2880','-00-00','00:00','00:00'),(8083390,'0412-2882','-00-00','00:00','00:00'),(8083391,'0412-2887','-00-00','00:00','00:00'),(8083392,'0412-2892','-00-00','00:00','00:00'),(8083393,'0412-2893','-00-00','00:00','00:00'),(8083394,'0412-2896','-00-00','00:00','00:00'),(8083395,'0412-2899','-00-00','00:00','00:00'),(8083396,'0412-2903','-00-00','00:00','00:00'),(8083397,'0412-2911','-00-00','00:00','00:00'),(8083398,'0412-2915','-00-00','00:00','00:00'),(8083399,'0412-2918','-00-00','00:00','00:00'),(8083400,'0412-2920','-00-00','00:00','00:00'),(8083401,'0412-2927','-00-00','00:00','00:00'),(8083402,'0412-2928','-00-00','00:00','00:00'),(8083403,'0412-2934','-00-00','00:00','00:00'),(8083404,'0412-4930','-00-00','00:00','00:00'),(8083405,'0412-9238','-00-00','00:00','00:00'),(8083406,'0412-9243','-00-00','00:00','00:00'),(8083407,'0412-9287','-00-00','00:00','00:00'),(8083408,'0412-9288','-00-00','00:00','00:00'),(8083409,'0413-3743','-00-00','00:00','00:00'),(8083410,'0413-3745','-00-00','00:00','00:00'),(8083411,'0413-3746','-00-00','00:00','00:00'),(8083412,'0413-3747','-00-00','00:00','00:00'),(8083413,'0413-3753','-00-00','00:00','00:00'),(8083414,'0413-3757','-00-00','00:00','00:00'),(8083415,'0413-3760','-00-00','00:00','00:00'),(8083416,'0413-3767','-00-00','00:00','00:00'),(8083417,'0413-3768','-00-00','00:00','00:00'),(8083418,'0413-3769','-00-00','00:00','00:00'),(8083419,'0413-3771','-00-00','00:00','00:00'),(8083420,'0413-3775','-00-00','00:00','00:00'),(8083421,'0413-3781','-00-00','00:00','00:00'),(8083422,'0413-3789','-00-00','00:00','00:00'),(8083423,'0413-3790','-00-00','00:00','00:00'),(8083424,'0413-3791','-00-00','00:00','00:00'),(8083425,'0413-3799','-00-00','00:00','00:00'),(8083426,'0413-3801','-00-00','00:00','00:00'),(8083427,'0413-3802','-00-00','00:00','00:00'),(8083428,'0413-3809','-00-00','00:00','00:00'),(8083429,'0413-3812','-00-00','00:00','00:00'),(8083430,'0413-3814','-00-00','00:00','00:00'),(8083431,'0413-3817','-00-00','00:00','00:00'),(8083432,'0413-3818','-00-00','00:00','00:00'),(8083433,'0413-3819','-00-00','00:00','00:00'),(8083434,'0413-3820','-00-00','00:00','00:00'),(8083435,'0413-3821','-00-00','00:00','00:00'),(8083436,'0413-3827','-00-00','00:00','00:00'),(8083437,'0413-3828','-00-00','00:00','00:00'),(8083438,'0413-3831','-00-00','00:00','00:00'),(8083439,'0413-3833','-00-00','00:00','00:00'),(8083440,'0413-3836','-00-00','00:00','00:00'),(8083441,'0413-3837','-00-00','00:00','00:00'),(8083442,'0413-3838','-00-00','00:00','00:00'),(8083443,'0413-3840','-00-00','00:00','00:00'),(8083444,'0413-3841','-00-00','00:00','00:00'),(8083445,'0413-3843','-00-00','00:00','00:00'),(8083446,'0413-3845','-00-00','00:00','00:00'),(8083447,'0413-3847','-00-00','00:00','00:00'),(8083448,'0413-3848','-00-00','00:00','00:00'),(8083449,'0413-3855','-00-00','00:00','00:00'),(8083450,'0413-3856','-00-00','00:00','00:00'),(8083451,'0413-3861','-00-00','00:00','00:00'),(8083452,'0413-3862','-00-00','00:00','00:00'),(8083453,'0413-3864','-00-00','00:00','00:00'),(8083454,'0413-3865','-00-00','00:00','00:00'),(8083455,'0413-3866','-00-00','00:00','00:00'),(8083456,'0413-3873','-00-00','00:00','00:00'),(8083457,'0413-3877','-00-00','00:00','00:00'),(8083458,'0413-3881','-00-00','00:00','00:00'),(8083459,'0413-3882','-00-00','00:00','00:00'),(8083460,'0413-4098','-00-00','00:00','00:00'),(8083461,'0413-4104','-00-00','00:00','00:00'),(8083462,'0413-9328','-00-00','00:00','00:00'),(8083463,'0413-9330','-00-00','00:00','00:00'),(8083464,'0413-9335','-00-00','00:00','00:00'),(8083465,'0413-9336','-00-00','00:00','00:00'),(8083466,'0414-4485','-00-00','00:00','00:00'),(8083467,'0414-4486','-00-00','00:00','00:00'),(8083468,'0414-4487','-00-00','00:00','00:00'),(8083469,'0414-4488','-00-00','00:00','00:00'),(8083470,'0414-4489','-00-00','00:00','00:00'),(8083471,'0414-4491','-00-00','00:00','00:00'),(8083472,'0414-4492','-00-00','00:00','00:00'),(8083473,'0414-4493','-00-00','00:00','00:00'),(8083474,'0414-4494','-00-00','00:00','00:00'),(8083475,'0414-4495','-00-00','00:00','00:00'),(8083476,'0414-4496','-00-00','00:00','00:00'),(8083477,'0414-4497','-00-00','00:00','00:00'),(8083478,'0414-4498','-00-00','00:00','00:00'),(8083479,'0414-4499','-00-00','00:00','00:00'),(8083480,'0414-4500','-00-00','00:00','00:00'),(8083481,'0414-4501','-00-00','00:00','00:00'),(8083482,'0414-4502','-00-00','00:00','00:00'),(8083483,'0414-4503','-00-00','00:00','00:00'),(8083484,'0414-4504','-00-00','00:00','00:00'),(8083485,'0414-4505','-00-00','00:00','00:00'),(8083486,'0414-4506','-00-00','00:00','00:00'),(8083487,'0414-4507','-00-00','00:00','00:00'),(8083488,'0414-4510','-00-00','00:00','00:00'),(8083489,'0414-4511','-00-00','00:00','00:00'),(8083490,'0414-4512','-00-00','00:00','00:00'),(8083491,'0414-4513','-00-00','00:00','00:00'),(8083492,'0414-4514','-00-00','00:00','00:00'),(8083493,'0414-4515','-00-00','00:00','00:00'),(8083494,'0414-4516','-00-00','00:00','00:00'),(8083495,'0414-4517','-00-00','00:00','00:00'),(8083496,'0414-4518','-00-00','00:00','00:00'),(8083497,'0414-4519','-00-00','00:00','00:00'),(8083498,'0414-4520','-00-00','00:00','00:00'),(8083499,'0414-4521','-00-00','00:00','00:00'),(8083500,'0414-4522','-00-00','00:00','00:00'),(8083501,'0414-4523','-00-00','00:00','00:00'),(8083502,'0414-4524','-00-00','00:00','00:00'),(8083503,'0414-4525','-00-00','00:00','00:00'),(8083504,'0414-4527','-00-00','00:00','00:00'),(8083505,'0414-4528','-00-00','00:00','00:00'),(8083506,'0414-4529','-00-00','00:00','00:00'),(8083507,'0414-4530','-00-00','00:00','00:00'),(8083508,'0414-4532','-00-00','00:00','00:00'),(8083509,'0414-4533','-00-00','00:00','00:00'),(8083510,'0414-4534','-00-00','00:00','00:00'),(8083511,'0414-4536','-00-00','00:00','00:00'),(8083512,'0414-4542','-00-00','00:00','00:00'),(8083513,'0414-9377','-00-00','00:00','00:00'),(8083514,'0414-9378','-00-00','00:00','00:00'),(8083515,'0414-9379','-00-00','00:00','00:00'),(8083516,'0414-9381','-00-00','00:00','00:00'),(8083517,'0507-9057','-00-00','00:00','00:00'),(8083518,'0508-0204','-00-00','00:00','00:00'),(8083519,'0508-0208','-00-00','00:00','00:00'),(8083520,'0508-9038','-00-00','00:00','00:00'),(8083521,'0508-9108','-00-00','00:00','00:00'),(8083522,'0508-9170','-00-00','00:00','00:00'),(8083523,'0509-1021','-00-00','00:00','00:00'),(8083524,'0509-1029','-00-00','00:00','00:00'),(8083525,'0509-9350','-00-00','00:00','00:00'),(8083526,'0509-9357','-00-00','00:00','00:00'),(8083527,'0510-1786','-00-00','00:00','00:00'),(8083528,'0510-1796','-00-00','00:00','00:00'),(8083529,'0510-9237','-00-00','00:00','00:00'),(8083530,'0511-2417','-00-00','00:00','00:00'),(8083531,'0511-2419','-00-00','00:00','00:00'),(8083532,'0511-2433','-00-00','00:00','00:00'),(8083533,'0511-2449','-00-00','00:00','00:00'),(8083534,'0511-2468','-00-00','00:00','00:00'),(8083535,'0511-2470','-00-00','00:00','00:00'),(8083536,'0511-9224','-00-00','00:00','00:00'),(8083537,'0512-2941','-00-00','00:00','00:00'),(8083538,'0512-2944','-00-00','00:00','00:00'),(8083539,'0512-2947','-00-00','00:00','00:00'),(8083540,'0512-2966','-00-00','00:00','00:00'),(8083541,'0512-2967','-00-00','00:00','00:00'),(8083542,'0512-9285','-00-00','00:00','00:00'),(8083543,'0513-3885','-00-00','00:00','00:00'),(8083544,'0513-3890','-00-00','00:00','00:00'),(8083545,'0513-3898','-00-00','00:00','00:00'),(8083546,'0513-3898','-00-00','00:00','00:00'),(8083547,'0513-3900','-00-00','00:00','00:00'),(8083548,'0513-3901','-00-00','00:00','00:00'),(8083549,'0513-3906','-00-00','00:00','00:00'),(8083550,'0513-3910','-00-00','00:00','00:00'),(8083551,'0513-3913','-00-00','00:00','00:00'),(8083552,'0513-3915','-00-00','00:00','00:00'),(8083553,'0513-3917','-00-00','00:00','00:00'),(8083554,'0513-3919','-00-00','00:00','00:00'),(8083555,'0513-3920','-00-00','00:00','00:00'),(8083556,'0513-3921','-00-00','00:00','00:00'),(8083557,'0513-3927','-00-00','00:00','00:00'),(8083558,'0513-3928','-00-00','00:00','00:00'),(8083559,'0513-3937','-00-00','00:00','00:00'),(8083560,'0513-3939','-00-00','00:00','00:00'),(8083561,'0513-3940','-00-00','00:00','00:00'),(8083562,'0513-3944','-00-00','00:00','00:00'),(8083563,'0513-3947','-00-00','00:00','00:00'),(8083564,'0513-3950','-00-00','00:00','00:00'),(8083565,'0513-3958','-00-00','00:00','00:00'),(8083566,'0513-3962','-00-00','00:00','00:00'),(8083567,'0513-3965','-00-00','00:00','00:00'),(8083568,'0513-3976','-00-00','00:00','00:00'),(8083569,'0513-3977','-00-00','00:00','00:00'),(8083570,'0513-3979','-00-00','00:00','00:00'),(8083571,'0513-3988','-00-00','00:00','00:00'),(8083572,'0513-9337','-00-00','00:00','00:00'),(8083573,'0513-9338','-00-00','00:00','00:00'),(8083574,'0513-9340','-00-00','00:00','00:00'),(8083575,'0514-4535','-00-00','00:00','00:00'),(8083576,'0514-4537','-00-00','00:00','00:00'),(8083577,'0514-4538','-00-00','00:00','00:00'),(8083578,'0514-4539','-00-00','00:00','00:00'),(8083579,'0514-4540','-00-00','00:00','00:00'),(8083580,'0514-4543','-00-00','00:00','00:00'),(8083581,'0514-4544','-00-00','00:00','00:00'),(8083582,'0514-9384','-00-00','00:00','00:00'),(8083583,'0514-9385','-00-00','00:00','00:00'),(8083584,'0608-0261','-00-00','00:00','00:00'),(8083585,'0608-0285','-00-00','00:00','00:00'),(8083586,'0608-0293','-00-00','00:00','00:00'),(8083587,'0608-9048','-00-00','00:00','00:00'),(8083588,'0609-1119','-00-00','00:00','00:00'),(8083589,'0610-1841','-00-00','00:00','00:00'),(8083590,'0610-1846','-00-00','00:00','00:00'),(8083591,'0610-1857','-00-00','00:00','00:00'),(8083592,'0610-9370','-00-00','00:00','00:00'),(8083593,'0611-2489','-00-00','00:00','00:00'),(8083594,'0611-2493','-00-00','00:00','00:00'),(8083595,'0611-2498','-00-00','00:00','00:00'),(8083596,'0611-2517','-00-00','00:00','00:00'),(8083597,'0611-2529','-00-00','00:00','00:00'),(8083598,'0611-2552','-00-00','00:00','00:00'),(8083599,'0611-9231','-00-00','00:00','00:00'),(8083600,'0611-9233','-00-00','00:00','00:00'),(8083601,'0611-9252','-00-00','00:00','00:00'),(8083602,'0612-2987','-00-00','00:00','00:00'),(8083603,'0612-3004','-00-00','00:00','00:00'),(8083604,'0612-3009','-00-00','00:00','00:00'),(8083605,'0612-3015','-00-00','00:00','00:00'),(8083606,'0612-3033','-00-00','00:00','00:00'),(8083607,'0612-3039','-00-00','00:00','00:00'),(8083608,'0612-9244','-00-00','00:00','00:00'),(8083609,'0612-9246','-00-00','00:00','00:00'),(8083610,'0612-9291','-00-00','00:00','00:00'),(8083611,'0612-9293','-00-00','00:00','00:00'),(8083612,'0612-9345','-00-00','00:00','00:00'),(8083613,'0613-3999','-00-00','00:00','00:00'),(8083614,'0613-4002','-00-00','00:00','00:00'),(8083615,'0613-4003','-00-00','00:00','00:00'),(8083616,'0613-4015','-00-00','00:00','00:00'),(8083617,'0613-4016','-00-00','00:00','00:00'),(8083618,'0613-4019','-00-00','00:00','00:00'),(8083619,'0613-4021','-00-00','00:00','00:00'),(8083620,'0613-4025','-00-00','00:00','00:00'),(8083621,'0613-4026','-00-00','00:00','00:00'),(8083622,'0613-4031','-00-00','00:00','00:00'),(8083623,'0613-4033','-00-00','00:00','00:00'),(8083624,'0613-4034','-00-00','00:00','00:00'),(8083625,'0613-4036','-00-00','00:00','00:00'),(8083626,'0613-4039','-00-00','00:00','00:00'),(8083627,'0613-4040','-00-00','00:00','00:00'),(8083628,'0613-4044','-00-00','00:00','00:00'),(8083629,'0613-4045','-00-00','00:00','00:00'),(8083630,'0613-4049','-00-00','00:00','00:00'),(8083631,'0613-4051','-00-00','00:00','00:00'),(8083632,'0613-4054','-00-00','00:00','00:00'),(8083633,'0613-4056','-00-00','00:00','00:00'),(8083634,'0613-4060','-00-00','00:00','00:00'),(8083635,'0613-4062','-00-00','00:00','00:00'),(8083636,'0613-4065','-00-00','00:00','00:00'),(8083637,'0613-4070','-00-00','00:00','00:00'),(8083638,'0613-4071','-00-00','00:00','00:00'),(8083639,'0613-4072','-00-00','00:00','00:00'),(8083640,'0613-8011','-00-00','00:00','00:00'),(8083641,'0613-9342','-00-00','00:00','00:00'),(8083642,'0613-9347','-00-00','00:00','00:00'),(8083643,'0614-4545','-00-00','00:00','00:00'),(8083644,'0614-4546','-00-00','00:00','00:00'),(8083645,'0614-4547','-00-00','00:00','00:00'),(8083646,'0614-4548','-00-00','00:00','00:00'),(8083647,'0614-4549','-00-00','00:00','00:00'),(8083648,'0708-0330','-00-00','00:00','00:00'),(8083649,'0708-9058','-00-00','00:00','00:00'),(8083650,'0708-9060','-00-00','00:00','00:00'),(8083651,'0708-9067','-00-00','00:00','00:00'),(8083652,'0708-9068','-00-00','00:00','00:00'),(8083653,'0708-9348','-00-00','00:00','00:00'),(8083654,'0709-9122','-00-00','00:00','00:00'),(8083655,'0709-9290','-00-00','00:00','00:00'),(8083656,'0710-1933','-00-00','00:00','00:00'),(8083657,'0711-9239','-00-00','00:00','00:00'),(8083658,'0711-9307','-00-00','00:00','00:00'),(8083659,'0712-3100','-00-00','00:00','00:00'),(8083660,'0712-3104','-00-00','00:00','00:00'),(8083661,'0712-3122','-00-00','00:00','00:00'),(8083662,'0712-3124','-00-00','00:00','00:00'),(8083663,'0712-3139','-00-00','00:00','00:00'),(8083664,'0712-3140','-00-00','00:00','00:00'),(8083665,'0714-9388','-00-00','00:00','00:00'),(8083666,'0814-4557','-00-00','00:00','00:00'),(8083667,'0814-4558','-00-00','00:00','00:00'),(8083668,'0814-4559','-00-00','00:00','00:00'),(8083669,'0814-4561','-00-00','00:00','00:00'),(8083670,'0814-4562','-00-00','00:00','00:00'),(8083671,'0814-4563','-00-00','00:00','00:00'),(8083672,'0814-4564','-00-00','00:00','00:00'),(8083673,'0814-4565','-00-00','00:00','00:00'),(8083674,'0814-4566','-00-00','00:00','00:00'),(8083675,'0814-4568','-00-00','00:00','00:00'),(8083676,'0814-4569','-00-00','00:00','00:00'),(8083677,'0814-4570','-00-00','00:00','00:00'),(8083678,'0814-4571','-00-00','00:00','00:00'),(8083679,'0814-4572','-00-00','00:00','00:00'),(8083680,'0814-4574','-00-00','00:00','00:00'),(8083681,'0814-4575','-00-00','00:00','00:00'),(8083682,'0814-4576','-00-00','00:00','00:00'),(8083683,'0814-4577','-00-00','00:00','00:00'),(8083684,'0814-4578','-00-00','00:00','00:00'),(8083685,'0814-4579','-00-00','00:00','00:00'),(8083686,'0814-4580','-00-00','00:00','00:00'),(8083687,'0814-4581','-00-00','00:00','00:00'),(8083688,'0814-4582','-00-00','00:00','00:00'),(8083689,'0814-4583','-00-00','00:00','00:00'),(8083690,'0814-4584','-00-00','00:00','00:00'),(8083691,'0814-4585','-00-00','00:00','00:00'),(8083692,'0814-4586','-00-00','00:00','00:00'),(8083693,'0814-4588','-00-00','00:00','00:00'),(8083694,'0814-4589','-00-00','00:00','00:00'),(8083695,'0814-4590','-00-00','00:00','00:00'),(8083696,'0814-4591','-00-00','00:00','00:00'),(8083697,'0814-4592','-00-00','00:00','00:00'),(8083698,'0814-4593','-00-00','00:00','00:00'),(8083699,'0814-4595','-00-00','00:00','00:00'),(8083700,'0814-4596','-00-00','00:00','00:00'),(8083701,'0814-4597','-00-00','00:00','00:00'),(8083702,'0814-4598','-00-00','00:00','00:00'),(8083703,'0814-4599','-00-00','00:00','00:00'),(8083704,'0814-4600','-00-00','00:00','00:00'),(8083705,'0814-4601','-00-00','00:00','00:00'),(8083706,'0814-4602','-00-00','00:00','00:00'),(8083707,'0814-4603','-00-00','00:00','00:00'),(8083708,'0814-4604','-00-00','00:00','00:00'),(8083709,'0814-4605','-00-00','00:00','00:00'),(8083710,'0814-4606','-00-00','00:00','00:00'),(8083711,'0814-4607','-00-00','00:00','00:00'),(8083712,'0814-4608','-00-00','00:00','00:00'),(8083713,'0814-4609','-00-00','00:00','00:00'),(8083714,'0814-4611','-00-00','00:00','00:00'),(8083715,'0814-4612','-00-00','00:00','00:00'),(8083716,'0814-4613','-00-00','00:00','00:00'),(8083717,'0814-4614','-00-00','00:00','00:00'),(8083718,'0814-4615','-00-00','00:00','00:00'),(8083719,'0814-4616','-00-00','00:00','00:00'),(8083720,'0814-4617','-00-00','00:00','00:00'),(8083721,'0814-4618','-00-00','00:00','00:00'),(8083722,'0814-4619','-00-00','00:00','00:00'),(8083723,'0814-4621','-00-00','00:00','00:00'),(8083724,'0814-4622','-00-00','00:00','00:00'),(8083725,'0814-4623','-00-00','00:00','00:00'),(8083726,'0814-4624','-00-00','00:00','00:00'),(8083727,'0814-4625','-00-00','00:00','00:00'),(8083728,'0814-4627','-00-00','00:00','00:00'),(8083729,'0814-4628','-00-00','00:00','00:00'),(8083730,'0814-4629','-00-00','00:00','00:00'),(8083731,'0814-4630','-00-00','00:00','00:00'),(8083732,'0814-4631','-00-00','00:00','00:00'),(8083733,'0814-4632','-00-00','00:00','00:00'),(8083734,'0814-4633','-00-00','00:00','00:00'),(8083735,'0814-4634','-00-00','00:00','00:00'),(8083736,'0814-4636','-00-00','00:00','00:00'),(8083737,'0814-9389','-00-00','00:00','00:00'),(8083738,'0814-9390','-00-00','00:00','00:00'),(8083739,'0814-9392','-00-00','00:00','00:00'),(8083740,'0908-9072','-00-00','00:00','00:00'),(8083741,'0908-9075','-00-00','00:00','00:00'),(8083742,'0911-2586','-00-00','00:00','00:00'),(8083743,'0911-9245','-00-00','00:00','00:00'),(8083744,'0911-9247','-00-00','00:00','00:00'),(8083745,'0911-9253','-00-00','00:00','00:00'),(8083746,'0912-3160','-00-00','00:00','00:00'),(8083747,'0912-3166','-00-00','00:00','00:00'),(8083748,'0912-3178','-00-00','00:00','00:00'),(8083749,'0912-3186','-00-00','00:00','00:00'),(8083750,'0912-3188','-00-00','00:00','00:00'),(8083751,'0912-3217','-00-00','00:00','00:00'),(8083752,'0912-3241','-00-00','00:00','00:00'),(8083753,'0912-3255','-00-00','00:00','00:00'),(8083754,'0912-3261','-00-00','00:00','00:00'),(8083755,'0912-3263','-00-00','00:00','00:00'),(8083756,'0912-9257','-00-00','00:00','00:00'),(8083757,'0912-9299','-00-00','00:00','00:00'),(8083758,'0913-4080','-00-00','00:00','00:00'),(8083759,'0913-4081','-00-00','00:00','00:00'),(8083760,'0913-4084','-00-00','00:00','00:00'),(8083761,'0913-4088','-00-00','00:00','00:00'),(8083762,'0913-4094','-00-00','00:00','00:00'),(8083763,'0913-4097','-00-00','00:00','00:00'),(8083764,'0913-4100','-00-00','00:00','00:00'),(8083765,'0913-4106','-00-00','00:00','00:00'),(8083766,'0913-4107','-00-00','00:00','00:00'),(8083767,'0913-4109','-00-00','00:00','00:00'),(8083768,'0913-4114','-00-00','00:00','00:00'),(8083769,'0913-4115','-00-00','00:00','00:00'),(8083770,'0913-4118','-00-00','00:00','00:00'),(8083771,'0913-4125','-00-00','00:00','00:00'),(8083772,'0913-4127','-00-00','00:00','00:00'),(8083773,'0913-9353','-00-00','00:00','00:00'),(8083774,'0913-9354','-00-00','00:00','00:00'),(8083775,'0913-9356','-00-00','00:00','00:00'),(8083776,'0913-9358','-00-00','00:00','00:00'),(8083777,'1007-0346','-00-00','00:00','00:00'),(8083778,'1009-1160','-00-00','00:00','00:00'),(8083779,'1009-1169','-00-00','00:00','00:00'),(8083780,'1009-1171','-00-00','00:00','00:00'),(8083781,'1009-1174','-00-00','00:00','00:00'),(8083782,'1009-1193','-00-00','00:00','00:00'),(8083783,'1009-1196','-00-00','00:00','00:00'),(8083784,'1009-1210','-00-00','00:00','00:00'),(8083785,'1009-1260','-00-00','00:00','00:00'),(8083786,'1009-9153','-00-00','00:00','00:00'),(8083787,'1010-1938','-00-00','00:00','00:00'),(8083788,'1010-1959','-00-00','00:00','00:00'),(8083789,'1012-9298','-00-00','00:00','00:00'),(8083790,'1013-4132','-00-00','00:00','00:00'),(8083791,'1013-4133','-00-00','00:00','00:00'),(8083792,'1013-4137','-00-00','00:00','00:00'),(8083793,'1013-4139','-00-00','00:00','00:00'),(8083794,'1013-4140','-00-00','00:00','00:00'),(8083795,'1013-4141','-00-00','00:00','00:00'),(8083796,'1013-4142','-00-00','00:00','00:00'),(8083797,'1013-4144','-00-00','00:00','00:00'),(8083798,'1013-4148','-00-00','00:00','00:00'),(8083799,'1013-4151','-00-00','00:00','00:00'),(8083800,'1013-4152','-00-00','00:00','00:00'),(8083801,'1013-4163','-00-00','00:00','00:00'),(8083802,'1013-4164','-00-00','00:00','00:00'),(8083803,'1013-4165','-00-00','00:00','00:00'),(8083804,'1013-4169','-00-00','00:00','00:00'),(8083805,'1013-4170','-00-00','00:00','00:00'),(8083806,'1013-4171','-00-00','00:00','00:00'),(8083807,'1013-4172','-00-00','00:00','00:00'),(8083808,'1013-4173','-00-00','00:00','00:00'),(8083809,'1013-4174','-00-00','00:00','00:00'),(8083810,'1013-4176','-00-00','00:00','00:00'),(8083811,'1013-4178','-00-00','00:00','00:00'),(8083812,'1013-4180','-00-00','00:00','00:00'),(8083813,'1013-4181','-00-00','00:00','00:00'),(8083814,'1013-4182','-00-00','00:00','00:00'),(8083815,'1013-4184','-00-00','00:00','00:00'),(8083816,'1107-9014','-00-00','00:00','00:00'),(8083817,'1107-9015','-00-00','00:00','00:00'),(8083818,'1107-9065','-00-00','00:00','00:00'),(8083819,'1109-9152','-00-00','00:00','00:00'),(8083820,'1111-2597','-00-00','00:00','00:00'),(8083821,'1111-2605','-00-00','00:00','00:00'),(8083822,'1111-2608','-00-00','00:00','00:00'),(8083823,'1111-2613','-00-00','00:00','00:00'),(8083824,'1111-2633','-00-00','00:00','00:00'),(8083825,'1111-2639','-00-00','00:00','00:00'),(8083826,'1111-2643','-00-00','00:00','00:00'),(8083827,'1111-2645','-00-00','00:00','00:00'),(8083828,'1111-2664','-00-00','00:00','00:00'),(8083829,'1111-2669','-00-00','00:00','00:00'),(8083830,'1111-2676','-00-00','00:00','00:00'),(8083831,'1111-2678','-00-00','00:00','00:00'),(8083832,'1111-2679','-00-00','00:00','00:00'),(8083833,'1111-2699','-00-00','00:00','00:00'),(8083834,'1111-2705','-00-00','00:00','00:00'),(8083835,'1111-2713','-00-00','00:00','00:00'),(8083836,'1111-2714','-00-00','00:00','00:00'),(8083837,'1111-2720','-00-00','00:00','00:00'),(8083838,'1111-2728','-00-00','00:00','00:00'),(8083839,'1111-2734','-00-00','00:00','00:00'),(8083840,'1111-4214','-00-00','00:00','00:00'),(8083841,'1111-9254','-00-00','00:00','00:00'),(8083842,'1111-9258','-00-00','00:00','00:00'),(8083843,'1111-9383','-00-00','00:00','00:00'),(8083844,'1112-3273','-00-00','00:00','00:00'),(8083845,'1112-3277','-00-00','00:00','00:00'),(8083846,'1112-3285','-00-00','00:00','00:00'),(8083847,'1112-3286','-00-00','00:00','00:00'),(8083848,'1112-3287','-00-00','00:00','00:00'),(8083849,'1112-3288','-00-00','00:00','00:00'),(8083850,'1112-3289','-00-00','00:00','00:00'),(8083851,'1112-3291','-00-00','00:00','00:00'),(8083852,'1112-3293','-00-00','00:00','00:00'),(8083853,'1112-3295','-00-00','00:00','00:00'),(8083854,'1112-3298','-00-00','00:00','00:00'),(8083855,'1112-3301','-00-00','00:00','00:00'),(8083856,'1112-3302','-00-00','00:00','00:00'),(8083857,'1112-3303','-00-00','00:00','00:00'),(8083858,'1112-3313','-00-00','00:00','00:00'),(8083859,'1112-3315','-00-00','00:00','00:00'),(8083860,'1112-3316','-00-00','00:00','00:00'),(8083861,'1112-3319','-00-00','00:00','00:00'),(8083862,'1112-3321','-00-00','00:00','00:00'),(8083863,'1112-3322','-00-00','00:00','00:00'),(8083864,'1112-3323','-00-00','00:00','00:00'),(8083865,'1112-3324','-00-00','00:00','00:00'),(8083866,'1112-3325','-00-00','00:00','00:00'),(8083867,'1112-3327','-00-00','00:00','00:00'),(8083868,'1112-3340','-00-00','00:00','00:00'),(8083869,'1112-3343','-00-00','00:00','00:00'),(8083870,'1112-3353','-00-00','00:00','00:00'),(8083871,'1112-3356','-00-00','00:00','00:00'),(8083872,'1112-3357','-00-00','00:00','00:00'),(8083873,'1112-3362','-00-00','00:00','00:00'),(8083874,'1112-3363','-00-00','00:00','00:00'),(8083875,'1112-3371','-00-00','00:00','00:00'),(8083876,'1112-3382','-00-00','00:00','00:00'),(8083877,'1112-3385','-00-00','00:00','00:00'),(8083878,'1112-3389','-00-00','00:00','00:00'),(8083879,'1112-3401','-00-00','00:00','00:00'),(8083880,'1113-4189','-00-00','00:00','00:00'),(8083881,'1113-4191','-00-00','00:00','00:00'),(8083882,'1113-4192','-00-00','00:00','00:00'),(8083883,'1113-4196','-00-00','00:00','00:00'),(8083884,'1113-4198','-00-00','00:00','00:00'),(8083885,'1113-4199','-00-00','00:00','00:00'),(8083886,'1113-4202','-00-00','00:00','00:00'),(8083887,'1113-4203','-00-00','00:00','00:00'),(8083888,'1113-4204','-00-00','00:00','00:00'),(8083889,'1113-4206','-00-00','00:00','00:00'),(8083890,'1113-4208','-00-00','00:00','00:00'),(8083891,'1113-4209','-00-00','00:00','00:00'),(8083892,'1113-4217','-00-00','00:00','00:00'),(8083893,'1113-4218','-00-00','00:00','00:00'),(8083894,'1113-4219','-00-00','00:00','00:00'),(8083895,'1113-4221','-00-00','00:00','00:00'),(8083896,'1113-4226','-00-00','00:00','00:00'),(8083897,'1113-4230','-00-00','00:00','00:00'),(8083898,'1113-4231','-00-00','00:00','00:00'),(8083899,'1113-4233','-00-00','00:00','00:00'),(8083900,'1113-4235','-00-00','00:00','00:00'),(8083901,'1113-4236','-00-00','00:00','00:00'),(8083902,'1113-4239','-00-00','00:00','00:00'),(8083903,'1113-4242','-00-00','00:00','00:00'),(8083904,'1113-4243','-00-00','00:00','00:00'),(8083905,'1113-4244','-00-00','00:00','00:00'),(8083906,'1113-4246','-00-00','00:00','00:00'),(8083907,'1113-4247','-00-00','00:00','00:00'),(8083908,'1113-4248','-00-00','00:00','00:00'),(8083909,'1113-4249','-00-00','00:00','00:00'),(8083910,'1113-4250','-00-00','00:00','00:00'),(8083911,'1113-4251','-00-00','00:00','00:00'),(8083912,'1113-4253','-00-00','00:00','00:00'),(8083913,'1113-4254','-00-00','00:00','00:00'),(8083914,'1113-4255','-00-00','00:00','00:00'),(8083915,'1113-4261','-00-00','00:00','00:00'),(8083916,'1113-4262','-00-00','00:00','00:00'),(8083917,'1113-4263','-00-00','00:00','00:00'),(8083918,'1113-4266','-00-00','00:00','00:00'),(8083919,'1113-4267','-00-00','00:00','00:00'),(8083920,'1113-4268','-00-00','00:00','00:00'),(8083921,'1113-4271','-00-00','00:00','00:00'),(8083922,'1113-4272','-00-00','00:00','00:00'),(8083923,'1113-4275','-00-00','00:00','00:00'),(8083924,'1113-4276','-00-00','00:00','00:00'),(8083925,'1113-4280','-00-00','00:00','00:00'),(8083926,'1113-4281','-00-00','00:00','00:00'),(8083927,'1113-4282','-00-00','00:00','00:00'),(8083928,'1113-4285','-00-00','00:00','00:00'),(8083929,'1113-9359','-00-00','00:00','00:00'),(8083930,'1113-9360','-00-00','00:00','00:00'),(8083931,'1113-9364','-00-00','00:00','00:00'),(8083932,'1113-9365','-00-00','00:00','00:00'),(8083933,'1206-9001','-00-00','00:00','00:00'),(8083934,'1208-9107','-00-00','00:00','00:00'),(8083935,'1209-9142','-00-00','00:00','00:00'),(8083936,'1209-9149','-00-00','00:00','00:00'),(8083937,'1210-2047','-00-00','00:00','00:00'),(8083938,'1210-2056','-00-00','00:00','00:00'),(8083939,'1210-2062','-00-00','00:00','00:00'),(8083940,'1210-2083','-00-00','00:00','00:00'),(8083941,'1210-2086','-00-00','00:00','00:00'),(8083942,'1212-3408','-00-00','00:00','00:00'),(8083943,'1212-3418','-00-00','00:00','00:00'),(8083944,'1212-3426','-00-00','00:00','00:00'),(8083945,'1212-3432','-00-00','00:00','00:00'),(8083946,'1212-3433','-00-00','00:00','00:00'),(8083947,'1212-3444','-00-00','00:00','00:00'),(8083948,'1212-3453','-00-00','00:00','00:00'),(8083949,'1212-3457','-00-00','00:00','00:00'),(8083950,'1212-3462','-00-00','00:00','00:00'),(8083951,'1212-3469','-00-00','00:00','00:00'),(8083952,'1212-3470','-00-00','00:00','00:00'),(8083953,'1212-3472','-00-00','00:00','00:00'),(8083954,'1212-3473','-00-00','00:00','00:00'),(8083955,'1212-3474','-00-00','00:00','00:00'),(8083956,'1212-3478','-00-00','00:00','00:00'),(8083957,'1212-3480','-00-00','00:00','00:00'),(8083958,'1212-3482','-00-00','00:00','00:00'),(8083959,'1212-3493','-00-00','00:00','00:00'),(8083960,'1212-3496','-00-00','00:00','00:00'),(8083961,'1212-3506','-00-00','00:00','00:00'),(8083962,'1212-3515','-00-00','00:00','00:00'),(8083963,'1212-3518','-00-00','00:00','00:00'),(8083964,'1212-9302','-00-00','00:00','00:00'),(8083965,'1212-9305','-00-00','00:00','00:00'),(8083966,'1212-9318','-00-00','00:00','00:00'),(8083967,'1212-9319','-00-00','00:00','00:00'),(8083968,'1213-4287','-00-00','00:00','00:00'),(8083969,'1213-4288','-00-00','00:00','00:00'),(8083970,'1213-4291','-00-00','00:00','00:00'),(8083971,'1213-4293','-00-00','00:00','00:00'),(8083972,'1213-4294','-00-00','00:00','00:00'),(8083973,'1213-4296','-00-00','00:00','00:00'),(8083974,'1213-4298','-00-00','00:00','00:00'),(8083975,'1213-4301','-00-00','00:00','00:00'),(8083976,'1213-4302','-00-00','00:00','00:00'),(8083977,'1213-4304','-00-00','00:00','00:00'),(8083978,'1213-4305','-00-00','00:00','00:00'),(8083979,'1213-4306','-00-00','00:00','00:00'),(8083980,'1213-4309','-00-00','00:00','00:00'),(8083981,'1213-4310','-00-00','00:00','00:00'),(8083982,'1213-4313','-00-00','00:00','00:00'),(8083983,'1213-4314','-00-00','00:00','00:00'),(8083984,'1213-4315','-00-00','00:00','00:00'),(8083985,'1213-4319','-00-00','00:00','00:00'),(8083986,'1213-4320','-00-00','00:00','00:00'),(8083987,'1213-4323','-00-00','00:00','00:00'),(8083988,'1213-4324','-00-00','00:00','00:00'),(8083989,'1213-4326','-00-00','00:00','00:00'),(8083990,'1213-4327','-00-00','00:00','00:00'),(8083991,'1213-4329','-00-00','00:00','00:00'),(8083992,'1213-4331','-00-00','00:00','00:00'),(8083993,'1213-4332','-00-00','00:00','00:00'),(8083994,'1213-4333','-00-00','00:00','00:00'),(8083995,'1213-4339','-00-00','00:00','00:00'),(8083996,'1213-4341','-00-00','00:00','00:00'),(8083997,'1213-4342','-00-00','00:00','00:00'),(8083998,'1213-4343','-00-00','00:00','00:00'),(8083999,'1213-4344','-00-00','00:00','00:00'),(8084000,'1213-4347','-00-00','00:00','00:00'),(8084001,'1213-4348','-00-00','00:00','00:00'),(8084002,'1213-4349','-00-00','00:00','00:00'),(8084003,'1213-4351','-00-00','00:00','00:00'),(8084004,'1213-4352','-00-00','00:00','00:00'),(8084005,'1213-9366','-00-00','00:00','00:00'),(8084006,'1213-9368','-00-00','00:00','00:00'),(8084007,'1460963','2014-10-20','07:43','19:16'),(8084008,'1462227','2014-10-20','07:51','22:15'),(8084009,'1462678','2014-10-20','07:57','20:08'),(8084010,'1463184','2014-10-20','08:00','22:18'),(8084011,'1465748','2014-10-20','08:01','22:15'),(8084012,'1466297','2014-10-20','07:56','22:02'),(8084013,'1473370','2014-10-20','07:53','20:12'),(8084014,'1477429','2014-10-20','08:19','22:17'),(8084015,'1478358','2014-10-20','08:02','21:51'),(8084016,'1479637','2014-10-20','08:00','22:11'),(8084017,'1483796','2014-10-20','07:57','19:11'),(8084018,'3879734','2014-10-20','07:56','22:07'),(8084019,'3924947','2014-10-20','08:02','22:10'),(8084020,'3995426','2014-10-20','07:57','22:09'),(8084021,'5167464','2014-10-20','08:02','22:14'),(8084022,'5200716','2014-10-20','07:57','21:57'),(8084023,'5229020','2014-10-20','07:59','22:09'),(8084024,'5251053','2014-10-20','07:56','20:16'),(8084025,'5257588','2014-10-20','07:53','22:00'),(8084026,'5260899','2014-10-20','07:59','20:04'),(8084027,'5272474','2014-10-20','07:56','20:05'),(8084028,'5272936','2014-10-20','07:55','20:02'),(8084029,'5273143','2014-10-20','07:53','22:11'),(8084030,'5276339','2014-10-20','07:56','20:05'),(8084031,'5321006','2014-10-20','08:00','20:16'),(8084032,'5322767','2014-10-20','07:57','20:01'),(8084033,'5389116','2014-10-20','08:02','20:02'),(8084034,'5390351','2014-10-20','08:01','20:06'),(8084035,'5390353','2014-10-20','07:52','22:17'),(8084036,'5390354','2014-10-20','08:02','22:04'),(8084037,'5390356','2014-10-20','07:58','19:08'),(8084038,'5392184','2014-10-20','08:01','22:08'),(8084039,'5392574','2014-10-20','08:00','21:13'),(8084040,'5392575','2014-10-20','07:50','22:11'),(8084041,'5392675','2014-10-20','06:47','06:47'),(8084042,'5392689','2014-10-20','07:56','22:00'),(8084043,'5392691','2014-10-20','07:48','22:08'),(8084044,'5392694','2014-10-20','08:01','22:04'),(8084045,'5392738','2014-10-20','07:53','20:04'),(8084046,'5393191','2014-10-20','07:52','22:17'),(8084047,'5393613','2014-10-20','07:50','20:06'),(8084048,'5394902','2014-10-20','07:58','22:04'),(8084049,'5395725','2014-10-20','07:58','20:16'),(8084050,'5395726','2014-10-20','08:02','22:10'),(8084051,'5395977','2014-10-20','07:58','22:01'),(8084052,'5395978','2014-10-20','07:53','22:03'),(8084053,'5395980','2014-10-20','07:58','20:05'),(8084054,'5396006','2014-10-20','08:01','20:03'),(8084055,'5396024','2014-10-20','08:03','20:02'),(8084056,'5396025','2014-10-20','08:02','22:10'),(8084057,'5396026','2014-10-20','07:41','22:08'),(8084058,'5396309','2014-10-20','07:56','22:09'),(8084059,'5396389','2014-10-20','07:52','22:08'),(8084060,'5396578','2014-10-20','07:58','22:00'),(8084061,'5397426','2014-10-20','07:53','20:04'),(8084062,'5397625','2014-10-20','07:54','22:00'),(8084063,'5398397','2014-10-20','08:03','22:09'),(8084064,'5398731','2014-10-20','07:53','22:09'),(8084065,'5398733','2014-10-20','07:42','22:08'),(8084066,'5398735','2014-10-20','07:52','22:08'),(8084067,'5399327','2014-10-20','07:58','20:15'),(8084068,'5399870','2014-10-20','07:52','22:09'),(8084069,'5400182','2014-10-20','07:56','22:11'),(8084070,'5400184','2014-10-20','08:02','22:10'),(8084071,'5400185','2014-10-20','07:55','20:02'),(8084072,'5402340','2014-10-20','08:00','20:08'),(8084073,'5402342','2014-10-20','08:01','20:05'),(8084074,'5402343','2014-10-20','07:56','20:09'),(8084075,'5402344','2014-10-20','07:48','20:10'),(8084076,'5404118','2014-10-20','07:59','17:03'),(8084077,'5404120','2014-10-20','07:51','20:06'),(8084078,'5404121','2014-10-20','07:59','20:03'),(8084079,'5404122','2014-10-20','07:53','19:12'),(8084080,'5404824','2014-10-20','07:49','19:07'),(8084081,'5404828','2014-10-20','07:52','20:04'),(8084082,'5404945','2014-10-20','08:01','20:05'),(8084083,'5404946','2014-10-20','08:02','20:07'),(8084084,'5404947','2014-10-20','07:58','19:08'),(8084085,'5406423','2014-10-20','07:54','20:06'),(8084086,'5406590','2014-10-20','07:59','22:11'),(8084087,'5406817','2014-10-20','08:01','22:09'),(8084088,'5407448','2014-10-20','08:01','20:05'),(8084089,'5407451','2014-10-20','07:58','22:10'),(8084090,'5407543','2014-10-20','07:57','20:16'),(8084091,'5408084','2014-10-20','07:39','22:09'),(8084092,'5408279','2014-10-20','08:00','19:12'),(8084093,'5408603','2014-10-20','07:52','22:09'),(8084094,'5408727','2014-10-20','07:57','20:08'),(8084095,'5408893','2014-10-20','08:02','19:10'),(8084096,'5409426','2014-10-20','08:02','20:16'),(8084097,'5410040','2014-10-20','07:51','22:10'),(8084098,'5410048','2014-10-20','08:00','22:09'),(8084099,'5410897','2014-10-20','07:59','22:09'),(8084100,'5411073','2014-10-20','08:02','22:10'),(8084101,'5411135','2014-10-20','07:52','19:11'),(8084102,'5411141','2014-10-20','08:01','19:07'),(8084103,'5411625','2014-10-20','08:02','17:16'),(8084104,'5411627','2014-10-20','07:44','22:08'),(8084105,'5412203','2014-10-20','07:54','22:10'),(8084106,'5412915','2014-10-20','08:01','20:06'),(8084107,'5413010','2014-10-20','07:59','22:06'),(8084108,'5413394','2014-10-20','07:57','20:05'),(8084109,'5414094','2014-10-20','08:01','19:13'),(8084110,'5414719','2014-10-20','08:00','22:10'),(8084111,'5414724','2014-10-20','07:48','22:10'),(8084112,'5415737','2014-10-20','08:00','20:02'),(8084113,'5415741','2014-10-20','08:00','22:06'),(8084114,'5417104','2014-10-20','08:00','22:10'),(8084115,'5417109','2014-10-20','08:00','22:10'),(8084116,'5417110','2014-10-20','07:54','22:10'),(8084117,'5417926','2014-10-20','08:01','20:16'),(8084118,'5422204','2014-10-20','07:59','21:10'),(8084119,'5422209','2014-10-20','07:49','21:10'),(8084120,'5422210','2014-10-20','07:54','20:16'),(8084121,'5422212','2014-10-20','07:54','22:08'),(8084122,'5429351','2014-10-20','07:50','20:09'),(8084123,'5444175','2014-10-20','08:01','22:04'),(8084124,'5444797','2014-10-20','08:04','20:02'),(8084125,'5444805','2014-10-20','07:55','22:05'),(8084126,'5979392','2014-10-20','07:58','20:05'),(8084127,'5984090','2014-10-20','08:01','22:10'),(8084128,'5984595','2014-10-20','08:01','21:45'),(8084129,'5990806','2014-10-20','08:01','22:02'),(8084130,'5993077','2014-10-20','07:57','22:00'),(8084131,'5993952','2014-10-20','07:57','22:15'),(8084132,'7991255','2014-10-20','07:58','19:40'),(8084133,'8029626','2014-10-20','07:53','20:05'),(8084134,'8032745','2014-10-20','07:46','22:15'),(8084135,'8032746','2014-10-20','08:00','20:06'),(8084136,'8035270','2014-10-20','07:57','22:03'),(8084137,'8037227','2014-10-20','07:56','20:12'),(8084138,'8037230','2014-10-20','07:58','20:03'),(8084139,'8050933','2014-10-20','07:59','20:05'),(8084140,'8051877','2014-10-20','07:51','20:04'),(8084141,'8055375','2014-10-20','07:58','19:07'),(8084142,'8055380','2014-10-20','07:53','22:19'),(8084143,'8055382','2014-10-20','07:59','20:06'),(8084144,'8055410','2014-10-20','07:57','20:09'),(8084145,'8055413','2014-10-20','07:53','17:06'),(8084146,'8055414','2014-10-20','07:54','22:04'),(8084147,'8055416','2014-10-20','07:55','20:08'),(8084148,'8056201','2014-10-20','08:01','20:08'),(8084149,'8056202','2014-10-20','08:00','22:03'),(8084150,'8056203','2014-10-20','07:59','22:04'),(8084151,'8056204','2014-10-20','07:53','20:07'),(8084152,'8056207','2014-10-20','07:57','20:04'),(8084153,'8056403','2014-10-20','08:00','20:04'),(8084154,'8056542','2014-10-20','07:57','22:02'),(8084155,'8056544','2014-10-20','07:56','22:03'),(8084156,'8056545','2014-10-20','07:59','19:08'),(8084157,'8058143','2014-10-20','07:49','21:10'),(8084158,'8058144','2014-10-20','08:00','22:08'),(8084159,'8058806','2014-10-20','08:01','19:08'),(8084160,'8058811','2014-10-20','07:55','22:04'),(8084161,'8059016','2014-10-20','08:00','22:04'),(8084162,'8059017','2014-10-20','07:48','18:08'),(8084163,'8059578','2014-10-20','07:56','20:04'),(8084164,'8059604','2014-10-20','07:55','20:04'),(8084165,'8059740','2014-10-20','07:52','20:03'),(8084166,'8059742','2014-10-20','07:48','20:07'),(8084167,'8059745','2014-10-20','08:02','22:03'),(8084168,'8059747','2014-10-20','07:59','22:04'),(8084169,'8059955','2014-10-20','07:58','20:04'),(8084170,'8059956','2014-10-20','08:03','22:03'),(8084171,'8060173','2014-10-20','07:54','19:09'),(8084172,'8060508','2014-10-20','07:59','20:04'),(8084173,'8060512','2014-10-20','07:47','22:03'),(8084174,'8060514','2014-10-20','07:55','20:05'),(8084175,'8060515','2014-10-20','07:58','19:08'),(8084176,'8060516','2014-10-20','08:02','19:07'),(8084177,'8060531','2014-10-20','07:55','22:07'),(8084178,'8060593','2014-10-20','07:59','22:01'),(8084179,'8060672','2014-10-20','07:55','22:06'),(8084180,'8060969','2014-10-20','07:53','22:10'),(8084181,'8060974','2014-10-20','07:53','20:07'),(8084182,'8060975','2014-10-20','07:58','20:05'),(8084183,'8061024','2014-10-20','07:54','22:03'),(8084184,'8061321','2014-10-20','08:02','20:03'),(8084185,'8061323','2014-10-20','07:54','20:05'),(8084186,'8061461','2014-10-20','07:50','22:04'),(8084187,'8061463','2014-10-20','07:57','20:04'),(8084188,'8061464','2014-10-20','07:59','20:05'),(8084189,'8061465','2014-10-20','07:51','22:07'),(8084190,'8062635','2014-10-20','08:01','21:57'),(8084191,'8062637','2014-10-20','07:54','20:16'),(8084192,'8062639','2014-10-20','07:47','22:10'),(8084193,'8062655','2014-10-20','08:00','22:03'),(8084194,'8062698','2014-10-20','08:00','20:04'),(8084195,'8062699','2014-10-20','07:57','20:05'),(8084196,'8062705','2014-10-20','07:59','22:05'),(8084197,'8063436','2014-10-20','07:56','20:04'),(8084198,'8063557','2014-10-20','07:58','22:18'),(8084199,'8063558','2014-10-20','07:51','22:06'),(8084200,'8063564','2014-10-20','07:58','20:05'),(8084201,'8063566','2014-10-20','07:58','22:04'),(8084202,'8063601','2014-10-20','07:55','20:04'),(8084203,'8064855','2014-10-20','08:00','22:00'),(8084204,'8066157','2014-10-20','07:52','20:08'),(8084205,'8066159','2014-10-20','08:01','20:03'),(8084206,'8066162','2014-10-20','07:59','19:07'),(8084207,'8067121','2014-10-20','08:01','19:08'),(8084208,'8067122','2014-10-20','07:55','20:05'),(8084209,'8067124','2014-10-20','07:37','20:02'),(8084210,'8067128','2014-10-20','07:49','22:03'),(8084211,'8067129','2014-10-20','07:56','22:02'),(8084212,'8067145','2014-10-20','08:00','20:07'),(8084213,'8067147','2014-10-20','07:52','20:07'),(8084214,'8067148','2014-10-20','07:52','20:03'),(8084215,'8067567','2014-10-20','08:04','20:05'),(8084216,'8068874','2014-10-20','07:57','22:04'),(8084217,'8068875','2014-10-20','07:59','20:02'),(8084218,'8068880','2014-10-20','07:56','19:08'),(8084219,'8068920','2014-10-20','07:57','22:04'),(8084220,'8068926','2014-10-20','07:58','20:05'),(8084221,'8069312','2014-10-20','07:57','22:02'),(8084222,'8069768','2014-10-20','07:58','19:08'),(8084223,'8069769','2014-10-20','07:56','22:17'),(8084224,'8069770','2014-10-20','07:58','20:05'),(8084225,'8069774','2014-10-20','07:57','20:06'),(8084226,'8069823','2014-10-20','07:52','19:08'),(8084227,'8069824','2014-10-20','07:58','19:08'),(8084228,'8069825','2014-10-20','08:02','22:04'),(8084229,'8069986','2014-10-20','07:58','20:03'),(8084230,'8070692','2014-10-20','07:52','20:04'),(8084231,'8070693','2014-10-20','07:53','22:17'),(8084232,'8070952','2014-10-20','07:54','22:01'),(8084233,'8070960','2014-10-20','07:53','22:03'),(8084234,'8070962','2014-10-20','08:01','22:06'),(8084235,'8071104','2014-10-20','07:59','20:03'),(8084236,'8071105','2014-10-20','08:01','20:07'),(8084237,'8071108','2014-10-20','08:01','22:03'),(8084238,'8071111','2014-10-20','07:56','22:03'),(8084239,'8071122','2014-10-20','07:44','22:15'),(8084240,'8071123','2014-10-20','07:58','20:03'),(8084241,'8071162','2014-10-20','07:58','22:04'),(8084242,'8071164','2014-10-20','08:03','22:03'),(8084243,'8071319','2014-10-20','07:48','22:15'),(8084244,'8071321','2014-10-20','08:02','22:10'),(8084245,'8071323','2014-10-20','07:56','22:00'),(8084246,'8071493','2014-10-20','07:58','20:02'),(8084247,'8071500','2014-10-20','08:00','22:03'),(8084248,'8071509','2014-10-20','08:00','20:05'),(8084249,'8071616','2014-10-20','08:00','22:10'),(8084250,'8073669','2014-10-20','08:01','19:11'),(8084251,'8073672','2014-10-20','07:59','20:03'),(8084252,'8073674','2014-10-20','07:56','20:05'),(8084253,'8073675','2014-10-20','07:56','22:03'),(8084254,'8073676','2014-10-20','07:47','20:08'),(8084255,'8073682','2014-10-20','07:57','20:05'),(8084256,'8073685','2014-10-20','07:54','20:03'),(8084257,'8073686','2014-10-20','07:53','22:03'),(8084258,'8073687','2014-10-20','07:59','20:08'),(8084259,'8073693','2014-10-20','07:52','18:08'),(8084260,'8073702','2014-10-20','07:59','22:03'),(8084261,'8073703','2014-10-20','07:50','20:08'),(8084262,'8073704','2014-10-20','07:48','20:20'),(8084263,'8073706','2014-10-20','07:59','20:05'),(8084264,'8073754','2014-10-20','08:00','20:03'),(8084265,'8074110','2014-10-20','07:58','21:03'),(8084266,'8074117','2014-10-20','07:59','22:03'),(8084267,'8074118','2014-10-20','08:01','22:15'),(8084268,'8074121','2014-10-20','07:58','20:04'),(8084269,'8074122','2014-10-20','07:51','20:03'),(8084270,'8074123','2014-10-20','07:52','20:06'),(8084271,'8074134','2014-10-20','08:00','20:05'),(8084272,'8074135','2014-10-20','07:59','20:06'),(8084273,'8074379','2014-10-20','07:59','20:03'),(8084274,'8074401','2014-10-20','07:54','22:14'),(8084275,'8074402','2014-10-20','07:56','20:04'),(8084276,'8074404','2014-10-20','07:36','22:18'),(8084277,'8074405','2014-10-20','07:52','20:07'),(8084278,'8074431','2014-10-20','07:54','20:04'),(8084279,'8074434','2014-10-20','07:54','22:04'),(8084280,'8074582','2014-10-20','07:50','20:10'),(8084281,'8074595','2014-10-20','07:58','20:03'),(8084282,'8074597','2014-10-20','07:54','20:06'),(8084283,'8075079','2014-10-20','08:00','20:16'),(8084284,'8075084','2014-10-20','07:41','20:09'),(8084285,'8075090','2014-10-20','07:56','22:15'),(8084286,'8075507','2014-10-20','07:57','22:02'),(8084287,'8075512','2014-10-20','07:59','22:00'),(8084288,'8075586','2014-10-20','07:36','22:14'),(8084289,'8075587','2014-10-20','08:00','20:04'),(8084290,'8075588','2014-10-20','08:01','22:10'),(8084291,'8075775','2014-10-20','07:57','20:04'),(8084292,'8075776','2014-10-20','07:59','22:04'),(8084293,'8075782','2014-10-20','07:56','22:03'),(8084294,'8075783','2014-10-20','07:52','22:09'),(8084295,'8076240','2014-10-20','08:00','20:07'),(8084296,'8076241','2014-10-20','07:55','20:10'),(8084297,'8076242','2014-10-20','07:57','20:05'),(8084298,'8076638','2014-10-20','07:46','22:02'),(8084299,'8076639','2014-10-20','07:54','19:08'),(8084300,'8076646','2014-10-20','08:03','20:09'),(8084301,'8077910','2014-10-20','07:59','22:03'),(8084302,'8077913','2014-10-20','07:58','22:04'),(8084303,'8077914','2014-10-20','07:57','22:04'),(8084304,'8077920','2014-10-20','07:54','20:07'),(8084305,'8077922','2014-10-20','08:01','22:04'),(8084306,'8077925','2014-10-20','07:54','22:03'),(8084307,'8077926','2014-10-20','07:59','19:09'),(8084308,'8078726','2014-10-20','08:01','21:57'),(8084309,'8078727','2014-10-20','07:49','17:36'),(8084310,'8078728','2014-10-20','07:54','20:08'),(8084311,'8078731','2014-10-20','08:02','20:06'),(8084312,'8080652','2014-10-20','07:55','22:03'),(8084313,'8080654','2014-10-20','08:02','20:05'),(8084314,'8080655','2014-10-20','08:00','20:04'),(8084315,'8080724','2014-10-20','08:03','20:09'),(8084316,'8081308','2014-10-20','07:50','21:13'),(8084317,'8081309','2014-10-20','07:54','20:09'),(8084318,'8081312','2014-10-20','07:56','20:03'),(8084319,'8082291','2014-10-20','08:00','20:05'),(8084320,'8082563','2014-10-20','07:54','22:04'),(8084321,'8082671','2014-10-20','08:01','20:04'),(8084322,'8082677','2014-10-20','07:52','22:12'),(8084323,'8083089','2014-10-20','08:00','22:10'),(8084324,'8083090','2014-10-20','08:00','22:11'),(8084325,'1461254','2014-10-20','07:43','21:50'),(8084326,'1461666','2014-10-20','07:45','21:18'),(8084327,'1463757','2014-10-20','07:39','20:11'),(8084328,'1464683','2014-10-20','07:47','21:55'),(8084329,'1466292','2014-10-20','07:53','21:47'),(8084330,'1467278','2014-10-20','08:03','19:37'),(8084331,'1468511','2014-10-20','07:41','19:57'),(8084332,'1469885','2014-10-20','07:30','13:20'),(8084333,'1471999','2014-10-20','07:55','20:59'),(8084334,'1472521','2014-10-20','07:46','21:50'),(8084335,'1472691','2014-10-20','07:46','20:34'),(8084336,'1473134','2014-10-20','07:48','21:54'),(8084337,'1474206','2014-10-20','07:51','21:00'),(8084338,'1475979','2014-10-20','07:42','22:06'),(8084339,'1477313','2014-10-20','07:51','21:50'),(8084340,'1478016','2014-10-20','07:44','21:49'),(8084341,'1478250','2014-10-20','07:56','22:00'),(8084342,'1480925','2014-10-20','07:55','21:49'),(8084343,'1483328','2014-10-20','07:25','21:54'),(8084344,'1487145','2014-10-20','07:31','21:54'),(8084345,'3571952','2014-10-20','07:43','19:56'),(8084346,'3797587','2014-10-20','07:55','19:55'),(8084347,'4118807','2014-10-20','07:48','20:57'),(8084348,'5199417','2014-10-20','07:56','17:01'),(8084349,'5207987','2014-10-20','07:51','16:59'),(8084350,'5210243','2014-10-20','07:41','19:53'),(8084351,'5217295','2014-10-20','07:55','19:57'),(8084352,'5219951','2014-10-20','07:51','16:59'),(8084353,'5246304','2014-10-20','07:55','20:59'),(8084354,'5260952','2014-10-20','07:47','19:58'),(8084355,'5262907','2014-10-20','07:55','19:56'),(8084356,'5264599','2014-10-20','07:54','19:57'),(8084357,'5290806','2014-10-20','07:51','22:00'),(8084358,'5354725','2014-10-20','07:26','17:10'),(8084359,'5388968','2014-10-20','07:53','19:59'),(8084360,'5390518','2014-10-20','07:52','19:57'),(8084361,'5392050','2014-10-20','07:51','19:58'),(8084362,'5392571','2014-10-20','07:48','19:57'),(8084363,'5392572','2014-10-20','07:37','19:57'),(8084364,'5392573','2014-10-20','07:36','17:01'),(8084365,'5392688','2014-10-20','06:51','06:51'),(8084366,'5392690','2014-10-20','07:50','17:04'),(8084367,'5392692','2014-10-20','07:55','19:57'),(8084368,'5392693','2014-10-20','07:29','19:58'),(8084369,'5392696','2014-10-20','07:50','19:58'),(8084370,'5393938','2014-10-20','07:43','17:01'),(8084371,'5394342','2014-10-20','07:43','21:59'),(8084372,'5395545','2014-10-20','07:54','19:59'),(8084373,'5395724','2014-10-20','07:47','19:57'),(8084374,'5396007','2014-10-20','07:53','19:58'),(8084375,'5396023','2014-10-20','07:52','20:59'),(8084376,'5396027','2014-10-20','07:52','19:58'),(8084377,'5396041','2014-10-20','07:49','19:57'),(8084378,'5396044','2014-10-20','07:48','19:55'),(8084379,'5396314','2014-10-20','07:49','16:59'),(8084380,'5396315','2014-10-20','07:51','19:57'),(8084381,'5396576','2014-10-20','07:39','21:57'),(8084382,'5396579','2014-10-20','07:46','21:57'),(8084383,'5396580','2014-10-20','07:51','19:57'),(8084384,'5396581','2014-10-20','07:54','19:59'),(8084385,'5396583','2014-10-20','07:55','19:58'),(8084386,'5396584','2014-10-20','07:51','18:54'),(8084387,'5397626','2014-10-20','07:53','19:58'),(8084388,'5397628','2014-10-20','07:50','19:57'),(8084389,'5397721','2014-10-20','07:45','22:08'),(8084390,'5398734','2014-10-20','07:51','19:57'),(8084391,'5398736','2014-10-20','07:53','19:58'),(8084392,'5399082','2014-10-20','07:49','19:58'),(8084393,'5399088','2014-10-20','07:52','21:54'),(8084394,'5399324','2014-10-20','07:51','19:57'),(8084395,'5399325','2014-10-20','07:51','20:03'),(8084396,'5399328','2014-10-20','07:51','22:01'),(8084397,'5399331','2014-10-20','07:48','20:59'),(8084398,'5399332','2014-10-20','07:53','21:59'),(8084399,'5399387','2014-10-20','07:54','20:59'),(8084400,'5399995','2014-10-20','07:51','17:00'),(8084401,'5400183','2014-10-20','07:51','16:58'),(8084402,'5400672','2014-10-20','07:51','20:59'),(8084403,'5401960','2014-10-20','07:53','20:59'),(8084404,'5406884','2014-10-20','07:48','19:56'),(8084405,'5407541','2014-10-20','07:47','20:59'),(8084406,'5407544','2014-10-20','07:54','19:54'),(8084407,'5408081','2014-10-20','07:45','21:53'),(8084408,'5408276','2014-10-20','07:53','19:58'),(8084409,'5408280','2014-10-20','07:43','19:59'),(8084410,'5408723','2014-10-20','07:53','19:56'),(8084411,'5409424','2014-10-20','07:53','19:58'),(8084412,'5409425','2014-10-20','07:41','19:59'),(8084413,'5409428','2014-10-20','07:52','17:00'),(8084414,'5409815','2014-10-20','07:54','19:57'),(8084415,'5409816','2014-10-20','07:54','19:59'),(8084416,'5409817','2014-10-20','07:49','19:58'),(8084417,'5409946','2014-10-20','07:49','20:02'),(8084418,'5410039','2014-10-20','07:36','21:53'),(8084419,'5410093','2014-10-20','07:50','19:58'),(8084420,'5410111','2014-10-20','07:52','19:56'),(8084421,'5410517','2014-10-20','07:53','21:56'),(8084422,'5410860','2014-10-20','07:50','17:00'),(8084423,'5410896','2014-10-20','07:56','19:56'),(8084424,'5410899','2014-10-20','07:52','19:56'),(8084425,'5410902','2014-10-20','07:54','20:00'),(8084426,'5411074','2014-10-20','07:39','19:57'),(8084427,'5411622','2014-10-20','07:49','19:58'),(8084428,'5411628','2014-10-20','07:47','19:59'),(8084429,'5412204','2014-10-20','07:31','21:53'),(8084430,'5412206','2014-10-20','07:48','18:11'),(8084431,'5414720','2014-10-20','07:47','17:00'),(8084432,'5414721','2014-10-20','07:53','20:59'),(8084433,'5414722','2014-10-20','07:44','20:59'),(8084434,'5415743','2014-10-20','07:49','19:55'),(8084435,'5415858','2014-10-20','07:53','19:58'),(8084436,'5415873','2014-10-20','07:54','21:56'),(8084437,'5417105','2014-10-20','07:42','19:58'),(8084438,'5417107','2014-10-20','07:53','21:56'),(8084439,'5417924','2014-10-20','07:49','19:55'),(8084440,'5417925','2014-10-20','07:45','19:57'),(8084441,'5417928','2014-10-20','07:54','21:56'),(8084442,'5420899','2014-10-20','07:36','17:08'),(8084443,'5420901','2014-10-20','07:35','17:02'),(8084444,'5420902','2014-10-20','07:35','19:58'),(8084445,'5420920','2014-10-20','07:52','17:01'),(8084446,'5421492','2014-10-20','07:50','19:58'),(8084447,'5421493','2014-10-20','07:55','20:02'),(8084448,'5422203','2014-10-20','07:50','17:03'),(8084449,'5422205','2014-10-20','07:51','20:00'),(8084450,'5422206','2014-10-20','07:45','21:57'),(8084451,'5422207','2014-10-20','07:50','21:56'),(8084452,'5422715','2014-10-20','07:44','19:55'),(8084453,'5423707','2014-10-20','07:48','21:53'),(8084454,'5432057','2014-10-20','07:55','21:53'),(8084455,'5432555','2014-10-20','07:54','21:00'),(8084456,'5435208','2014-10-20','07:52','21:57'),(8084457,'5435621','2014-10-20','07:52','21:57'),(8084458,'5435623','2014-10-20','07:46','17:01'),(8084459,'5436922','2014-10-20','07:52','16:58'),(8084460,'5436924','2014-10-20','07:55','21:56'),(8084461,'5436925','2014-10-20','07:52','17:01'),(8084462,'5436926','2014-10-20','07:46','20:00'),(8084463,'5440495','2014-10-20','06:51','22:14'),(8084464,'5440496','2014-10-20','07:45','19:59'),(8084465,'5440498','2014-10-20','07:51','19:58'),(8084466,'5440499','2014-10-20','07:48','16:59'),(8084467,'5440657','2014-10-20','06:43','22:04'),(8084468,'5441567','2014-10-20','07:53','17:00'),(8084469,'5444172','2014-10-20','07:46','17:01'),(8084470,'5444174','2014-10-20','07:45','19:58'),(8084471,'5444180','2014-10-20','07:52','20:59'),(8084472,'5444796','2014-10-20','07:54','21:58'),(8084473,'5444799','2014-10-20','07:48','19:57'),(8084474,'5444800','2014-10-20','07:45','17:00'),(8084475,'5444801','2014-10-20','07:48','19:58'),(8084476,'5444804','2014-10-20','07:52','22:05'),(8084477,'5978440','2014-10-20','08:03','19:06'),(8084478,'5979100','2014-10-20','07:55','21:24'),(8084479,'5980453','2014-10-20','07:52','19:55'),(8084480,'5980997','2014-10-20','07:56','21:00'),(8084481,'5982978','2014-10-20','08:00','20:47'),(8084482,'5985202','2014-10-20','07:48','21:57'),(8084483,'5985852','2014-10-20','07:34','21:49'),(8084484,'5986516','2014-10-20','07:19','19:57'),(8084485,'5987445','2014-10-20','08:01','19:19'),(8084486,'5988523','2014-10-20','07:52','20:06'),(8084487,'5990403','2014-10-20','07:47','20:02'),(8084488,'5991967','2014-10-20','07:39','21:49'),(8084489,'5992248','2014-10-20','07:55','19:15'),(8084490,'5993022','2014-10-20','07:39','21:49'),(8084491,'5997401','2014-10-20','07:55','21:41'),(8084492,'5997831','2014-10-20','07:44','20:01'),(8084493,'5999020','2014-10-20','07:46','20:00'),(8084494,'6000019','2014-10-20','07:52','20:11'),(8084495,'6000737','2014-10-20','09:26','20:59'),(8084496,'6004916','2014-10-20','07:19','19:57'),(8084497,'6006027','2014-10-20','07:38','20:03'),(8084498,'8035271','2014-10-20','07:49','21:59'),(8084499,'8037263','2014-10-20','07:46','19:58'),(8084500,'8050931','2014-10-20','07:39','21:54'),(8084501,'8055409','2014-10-20','07:55','19:56'),(8084502,'8055411','2014-10-20','07:52','18:56'),(8084503,'8055429','2014-10-20','07:48','19:59'),(8084504,'8056200','2014-10-20','07:36','19:58'),(8084505,'8056397','2014-10-20','07:48','21:58'),(8084506,'8056398','2014-10-20','07:44','21:58'),(8084507,'8056401','2014-10-20','07:51','22:05'),(8084508,'8056402','2014-10-20','07:46','19:57'),(8084509,'8056548','2014-10-20','07:55','17:02'),(8084510,'8057130','2014-10-20','07:54','19:56'),(8084511,'8058142','2014-10-20','07:52','19:57'),(8084512,'8058813','2014-10-20','07:53','20:02'),(8084513,'8058995','2014-10-20','07:53','16:58'),(8084514,'8058996','2014-10-20','07:55','19:55'),(8084515,'8059575','2014-10-20','07:51','17:51'),(8084516,'8059581','2014-10-20','07:54','19:58'),(8084517,'8059753','2014-10-20','07:52','17:00'),(8084518,'8059754','2014-10-20','07:54','19:56'),(8084519,'8060511','2014-10-20','07:48','19:56'),(8084520,'8060585','2014-10-20','07:33','19:54'),(8084521,'8060586','2014-10-20','06:45','19:54'),(8084522,'8060587','2014-10-20','07:45','21:58'),(8084523,'8060588','2014-10-20','07:44','19:58'),(8084524,'8060590','2014-10-20','07:55','19:58'),(8084525,'8060667','2014-10-20','07:49','17:05'),(8084526,'8060673','2014-10-20','07:52','19:56'),(8084527,'8060676','2014-10-20','07:51','20:00'),(8084528,'8061022','2014-10-20','07:50','19:56'),(8084529,'8061322','2014-10-20','07:54','19:58'),(8084530,'8062703','2014-10-20','07:27','19:57'),(8084531,'8062704','2014-10-20','07:46','19:56'),(8084532,'8063316','2014-10-20','07:43','21:57'),(8084533,'8063429','2014-10-20','07:52','19:55'),(8084534,'8063565','2014-10-20','07:54','07:54'),(8084535,'8063600','2014-10-20','07:46','19:58'),(8084536,'8064034','2014-10-20','07:54','19:56'),(8084537,'8064036','2014-10-20','07:43','21:49'),(8084538,'8064037','2014-10-20','07:53','22:05'),(8084539,'8064782','2014-10-20','07:54','19:57'),(8084540,'8064856','2014-10-20','07:42','20:59'),(8084541,'8064857','2014-10-20','07:38','21:49'),(8084542,'8064861','2014-10-20','07:52','17:03'),(8084543,'8064862','2014-10-20','07:42','19:59'),(8084544,'8064863','2014-10-20','07:50','19:58'),(8084545,'8064864','2014-10-20','07:55','20:00'),(8084546,'8064865','2014-10-20','07:55','19:54'),(8084547,'8066156','2014-10-20','07:49','19:58'),(8084548,'8066160','2014-10-20','07:55','19:56'),(8084549,'8066161','2014-10-20','07:49','19:58'),(8084550,'8067125','2014-10-20','07:50','21:57'),(8084551,'8067126','2014-10-20','07:46','19:58'),(8084552,'8067127','2014-10-20','07:49','19:56'),(8084553,'8067143','2014-10-20','07:54','19:57'),(8084554,'8067144','2014-10-20','07:59','22:08'),(8084555,'8067146','2014-10-20','07:47','17:10'),(8084556,'8067149','2014-10-20','07:46','16:59'),(8084557,'8068877','2014-10-20','07:41','19:55'),(8084558,'8068900','2014-10-20','07:45','22:06'),(8084559,'8068901','2014-10-20','07:46','22:05'),(8084560,'8068918','2014-10-20','07:44','17:02'),(8084561,'8068919','2014-10-20','07:53','19:56'),(8084562,'8070954','2014-10-20','07:44','18:55'),(8084563,'8070955','2014-10-20','07:54','19:59'),(8084564,'8070956','2014-10-20','07:51','19:58'),(8084565,'8071107','2014-10-20','07:48','19:57'),(8084566,'8071109','2014-10-20','07:52','17:00'),(8084567,'8071113','2014-10-20','07:47','19:56'),(8084568,'8071114','2014-10-20','07:53','20:10'),(8084569,'8071124','2014-10-20','07:37','21:59'),(8084570,'8071161','2014-10-20','07:42','19:56'),(8084571,'8071316','2014-10-20','07:51','21:57'),(8084572,'8071317','2014-10-20','07:51','19:58'),(8084573,'8071320','2014-10-20','07:52','19:58'),(8084574,'8071324','2014-10-20','07:55','19:59'),(8084575,'8071342','2014-10-20','07:53','19:56'),(8084576,'8071381','2014-10-20','07:46','19:58'),(8084577,'8071384','2014-10-20','07:51','19:55'),(8084578,'8071495','2014-10-20','07:54','19:58'),(8084579,'8071497','2014-10-20','07:47','19:56'),(8084580,'8071498','2014-10-20','07:53','19:56'),(8084581,'8071617','2014-10-20','07:53','19:58'),(8084582,'8071621','2014-10-20','07:51','21:58'),(8084583,'8073683','2014-10-20','07:42','19:58'),(8084584,'8073684','2014-10-20','07:52','19:58'),(8084585,'8073689','2014-10-20','07:51','19:57'),(8084586,'8073691','2014-10-20','07:54','19:56'),(8084587,'8073692','2014-10-20','07:47','19:58'),(8084588,'8074382','2014-10-20','07:52','19:57'),(8084589,'8074384','2014-10-20','07:56','18:56'),(8084590,'8075080','2014-10-20','07:53','19:56'),(8084591,'8075088','2014-10-20','07:48','19:56'),(8084592,'8075112','2014-10-20','07:53','17:03'),(8084593,'8075508','2014-10-20','07:45','21:50'),(8084594,'8075510','2014-10-20','07:44','20:59'),(8084595,'8075529','2014-10-20','07:41','19:59'),(8084596,'8075781','2014-10-20','07:51','19:57'),(8084597,'8075784','2014-10-20','07:47','17:02'),(8084598,'8075785','2014-10-20','07:43','21:57'),(8084599,'8076237','2014-10-20','07:47','21:55'),(8084600,'8076243','2014-10-20','07:53','17:02'),(8084601,'8076640','2014-10-20','07:55','19:55'),(8084602,'8076642','2014-10-20','07:35','19:56'),(8084603,'8077921','2014-10-20','07:45','21:59'),(8084604,'8077923','2014-10-20','07:48','19:56'),(8084605,'8080721','2014-10-20','07:55','19:56'),(8084606,'8081116','2014-10-20','07:50','19:56'),(8084607,'8081306','2014-10-20','07:53','17:01'),(8084608,'8082512','2014-10-20','07:50','21:56'),(8084609,'8082549','2014-10-20','07:39','19:54'),(8084610,'8082553','2014-10-20','07:55','19:55'),(8084611,'8082555','2014-10-20','07:54','19:57'),(8084612,'8082560','2014-10-20','07:52','19:56'),(8084613,'8082562','2014-10-20','07:49','19:58'),(8084614,'8082665','2014-10-20','07:52','17:01'),(8084615,'8082673','2014-10-20','07:55','22:00'),(8084616,'8082879','2014-10-20','07:50','22:01'),(8084617,'8083091','2014-10-20','06:45','19:55');

/*Table structure for table `emp_leave_status_history` */

DROP TABLE IF EXISTS `emp_leave_status_history`;

CREATE TABLE `emp_leave_status_history` (
  `id` int(11) NOT NULL AUTO_INCREMENT,
  `emp_leave_id` int(11) DEFAULT NULL,
  `status` int(11) DEFAULT NULL,
  `status_changed_by` int(11) DEFAULT NULL,
  `status_changed_time` datetime DEFAULT NULL,
  PRIMARY KEY (`id`),
  KEY `FK_emp_leave_status_history` (`emp_leave_id`),
  CONSTRAINT `FK_emp_leave_status_history` FOREIGN KEY (`emp_leave_id`) REFERENCES `emp_leaves` (`id`) ON DELETE CASCADE ON UPDATE CASCADE
) ENGINE=InnoDB DEFAULT CHARSET=utf8;

/*Data for the table `emp_leave_status_history` */

/*Table structure for table `emp_leaves` */

DROP TABLE IF EXISTS `emp_leaves`;

CREATE TABLE `emp_leaves` (
  `id` int(11) NOT NULL AUTO_INCREMENT,
  `transaction_date` date DEFAULT NULL,
  `emp_id` int(11) DEFAULT NULL,
  `lh_proll_id` int(11) DEFAULT NULL,
  `day_to_leave` double DEFAULT NULL,
  `hour_to_leave` double DEFAULT NULL,
  `subj` varchar(255) DEFAULT NULL,
  `details` text,
  `is_approved` int(11) DEFAULT '15',
  `create_by` int(11) DEFAULT NULL,
  `create_time` datetime DEFAULT NULL,
  `update_by` int(11) DEFAULT NULL,
  `update_time` datetime DEFAULT NULL,
  `day` varchar(2) DEFAULT NULL,
  `month` varchar(2) DEFAULT NULL,
  `year` varchar(4) DEFAULT NULL,
  PRIMARY KEY (`id`),
  KEY `FK_emp_leaves` (`emp_id`),
  CONSTRAINT `FK_emp_leaves` FOREIGN KEY (`emp_id`) REFERENCES `employees` (`id`) ON DELETE CASCADE ON UPDATE CASCADE
) ENGINE=InnoDB DEFAULT CHARSET=utf8;

/*Data for the table `emp_leaves` */

/*Table structure for table `emp_paygrade` */

DROP TABLE IF EXISTS `emp_paygrade`;

CREATE TABLE `emp_paygrade` (
  `id` int(11) NOT NULL AUTO_INCREMENT,
  `employee_id` int(11) DEFAULT NULL,
  `paygrade_id` int(11) DEFAULT NULL,
  `create_time` datetime DEFAULT NULL,
  `create_by` int(11) DEFAULT NULL,
  `update_time` datetime DEFAULT NULL,
  `update_by` int(11) DEFAULT NULL,
  `is_active` int(11) DEFAULT NULL,
  PRIMARY KEY (`id`),
  KEY `FK_emp_paygrade` (`employee_id`),
  CONSTRAINT `FK_emp_paygrade` FOREIGN KEY (`employee_id`) REFERENCES `employees` (`id`) ON DELETE CASCADE ON UPDATE CASCADE
) ENGINE=InnoDB AUTO_INCREMENT=4 DEFAULT CHARSET=utf8;

/*Data for the table `emp_paygrade` */

/*Table structure for table `emp_resign` */

DROP TABLE IF EXISTS `emp_resign`;

CREATE TABLE `emp_resign` (
  `id` int(11) NOT NULL AUTO_INCREMENT,
  `employee_id` int(11) DEFAULT NULL,
  `title` varchar(255) DEFAULT NULL,
  `details` text,
  `date` date DEFAULT NULL,
  `is_approved` int(11) DEFAULT '15',
  `create_by` int(11) DEFAULT NULL,
  `create_time` datetime DEFAULT NULL,
  `update_by` int(11) DEFAULT NULL,
  `update_time` datetime DEFAULT NULL,
  PRIMARY KEY (`id`),
  KEY `FK_emp_resign` (`employee_id`),
  CONSTRAINT `FK_emp_resign` FOREIGN KEY (`employee_id`) REFERENCES `employees` (`id`) ON DELETE CASCADE ON UPDATE CASCADE
) ENGINE=InnoDB DEFAULT CHARSET=utf8;

/*Data for the table `emp_resign` */

/*Table structure for table `emp_resign_history` */

DROP TABLE IF EXISTS `emp_resign_history`;

CREATE TABLE `emp_resign_history` (
  `id` int(11) NOT NULL AUTO_INCREMENT,
  `employee_resign_id` int(11) DEFAULT NULL,
  `status` int(11) DEFAULT NULL,
  `status_changed_by` int(11) DEFAULT NULL,
  `status_changed_time` datetime DEFAULT NULL,
  PRIMARY KEY (`id`),
  KEY `FK_emp_resign_history` (`employee_resign_id`),
  CONSTRAINT `FK_emp_resign_history` FOREIGN KEY (`employee_resign_id`) REFERENCES `emp_resign` (`id`) ON DELETE CASCADE ON UPDATE CASCADE
) ENGINE=InnoDB DEFAULT CHARSET=utf8;

/*Data for the table `emp_resign_history` */

/*Table structure for table `employees` */

DROP TABLE IF EXISTS `employees`;

CREATE TABLE `employees` (
  `id` int(11) NOT NULL AUTO_INCREMENT,
  `emp_id_no` varchar(255) DEFAULT NULL,
  `full_name` varchar(255) DEFAULT NULL,
  `designation_id` int(11) DEFAULT NULL,
  `department_id` int(11) DEFAULT NULL,
  `id_no` varchar(255) DEFAULT NULL,
  `national_id_no` varchar(255) DEFAULT NULL,
  `contact_no` varchar(255) DEFAULT NULL,
  `contact_no_office` varchar(255) DEFAULT NULL,
  `contact_no_home` varchar(255) DEFAULT NULL,
  `email` varchar(50) DEFAULT NULL,
  `address` text,
  `team_id` int(11) DEFAULT NULL,
  `join_date` date DEFAULT NULL,
  `permanent_date` date DEFAULT NULL,
  `is_active` int(11) DEFAULT NULL,
  `permanent_address` text,
  `father_name` varchar(255) DEFAULT NULL,
  `father_occupation` varchar(255) DEFAULT NULL,
  `mother_name` varchar(255) DEFAULT NULL,
  `mother_occopation` varchar(255) DEFAULT NULL,
  `spouse_name` varchar(255) DEFAULT NULL,
  `spouse_details` text,
  `spouse_relation` int(11) DEFAULT NULL,
  `gender` int(11) DEFAULT NULL,
  `marital_status` int(11) DEFAULT NULL,
  `country_id` int(11) DEFAULT NULL,
  `blood_group` int(11) DEFAULT NULL,
  `dob` date DEFAULT NULL,
  `section_id` int(11) DEFAULT NULL,
  `sub_section_id` int(11) DEFAULT NULL,
  `branch_id` int(11) DEFAULT NULL,
  `employee_type` int(11) DEFAULT NULL,
  `bank_ac_no` varchar(255) DEFAULT NULL,
  `bank` varchar(255) DEFAULT NULL,
  `prev_info` text,
  `edu_info` text,
  `contact_end` date DEFAULT NULL,
  `skills` text,
  `photo` varchar(255) DEFAULT NULL,
  `stuff_cat_id` int(11) DEFAULT NULL,
  `stuff_sub_cat_id` int(11) DEFAULT NULL,
  `shift_id` int(11) DEFAULT NULL,
  `paygrade_id` int(11) DEFAULT NULL,
  PRIMARY KEY (`id`)
) ENGINE=InnoDB AUTO_INCREMENT=74 DEFAULT CHARSET=utf8;

/*Data for the table `employees` */

insert  into `employees`(`id`,`emp_id_no`,`full_name`,`designation_id`,`department_id`,`id_no`,`national_id_no`,`contact_no`,`contact_no_office`,`contact_no_home`,`email`,`address`,`team_id`,`join_date`,`permanent_date`,`is_active`,`permanent_address`,`father_name`,`father_occupation`,`mother_name`,`mother_occopation`,`spouse_name`,`spouse_details`,`spouse_relation`,`gender`,`marital_status`,`country_id`,`blood_group`,`dob`,`section_id`,`sub_section_id`,`branch_id`,`employee_type`,`bank_ac_no`,`bank`,`prev_info`,`edu_info`,`contact_end`,`skills`,`photo`,`stuff_cat_id`,`stuff_sub_cat_id`,`shift_id`,`paygrade_id`) values (49,'0509-1029','মোসাঃ মঞ্জুুয়ারা',20,20,'8069774','','','','','','',2,'2009-05-13','0000-00-00',1,'গ্রাম -চানদাস  পোঃচানদাস  থানা -মহাদেবপুর  জেলা -নওগাঁ\r\n','মৃত সমসের মন্ডল','','নাছরিন','','','',NULL,57,NULL,NULL,NULL,'1988-02-01',4,NULL,NULL,69,'','','','','0000-00-00','','',NULL,NULL,1,4),(50,'1009-1174','মোসাঃ নাসরিন',20,20,'5402344','','','','','','',2,'2009-10-01','0000-00-00',1,'গ্রাম -দুবরাজপুর  পোঃলালদিঘী ফতেপুর  থানা -পীরগঞ্জ  জেলা -রংপুর\r\n','ওসমান গনি ','','রিনা বেগম','','','',NULL,57,NULL,NULL,NULL,'1985-01-01',4,NULL,NULL,69,'','','','','0000-00-00','','',NULL,NULL,1,4),(51,'0310-1532','রুমা আক্তার',20,20,'8061024','','','','','','',2,'2010-03-11','0000-00-00',1,'গ্রাম -মঙ্গলশ্রী  পোঃসুঘারী বাজার  থানা -আটপাড়া  জেলা -নেত্রকোনা\r\n','রোশন আলী','','জহুরা আক্তার','','','',NULL,57,NULL,NULL,NULL,'1990-03-26',4,NULL,NULL,69,'','','','','0000-00-00','','',NULL,NULL,1,NULL),(52,'0310-1550','লিলি খাতুন',20,20,'8068874','','','','','','',2,'2010-03-10','0000-00-00',1,'গ্রাম -বড় আমবাড়ী  পোঃগুর্জিপাড়া  থানা -পীরগঞ্জ  জেলা -রংপুর\r\n','গোলাম মোস্তফা','','সুফিয়া','','','',NULL,57,NULL,NULL,NULL,'1989-02-15',4,NULL,NULL,69,'','','','','0000-00-00','','',NULL,NULL,1,8),(53,'0511-2470','রেবেকা বেগম',20,20,'5390353','','','','','','',2,'2012-05-11','0000-00-00',1,'গ্রাম -মাঝবাড়ী পোঃ মাঝবাড়ী থানা - কোটালীগপাড়া জেলা - গোপলগঞ্জ\r\n','আজহার গাজী','','হাফিজা বেগম','','','',NULL,57,NULL,NULL,NULL,'1978-06-05',4,NULL,NULL,69,'','','','','0000-00-00','','',NULL,NULL,1,4),(54,'0611-2486','মোসাঃ রোজিনা বেগম',20,20,'5413010','','','','','','',2,'2011-06-01','0000-00-00',1,'গ্রাম -তুলসীপুর পোঃ মিঠাপুকুর থানা - মিঠাপুকুর জেলা - রংপুর\r\n','মো: শাহিন','','ফিরোজা বেগম','','','',NULL,57,NULL,NULL,NULL,'1984-02-10',4,NULL,NULL,69,'','','','','0000-00-00','','',NULL,NULL,1,4),(55,'0611-2552','মোসাঃ মুন্নি খাতুন',20,20,'5395982','','','','','','',2,'2011-06-11','0000-00-00',1,'গ্রাম -বগেরবাড়ী পোঃ বাগদুয়ার থানা - পীরগঞ্জ জেলা - রংপুর\r\n','মৃত হানিফ','','মহিরন নেছা','','','',NULL,57,NULL,NULL,NULL,'1992-01-01',4,NULL,NULL,69,'','','','','0000-00-00','','',NULL,NULL,1,4),(56,'1111-2643','রুমা বেগম',22,20,'5407448','','','','','','',2,'2011-11-15','0000-00-00',1,'গ্রাম -বক্সিচর পোঃ চাঁদপাশা থানা - বাবুগঞ্জ জেলা - বরিশাল\r\n','জাহাঙ্গীর','','সালমা বেগম','','','',NULL,57,NULL,NULL,NULL,'1982-08-03',4,NULL,NULL,69,'','','','','0000-00-00','','',NULL,NULL,1,10),(57,'0412-2887','মাহমুদা খাতুন',20,20,'5413394','','','','','','',2,'2011-04-12','0000-00-00',1,'গ্রাম -কুমেদপুর পোঃ বাগদুয়ার থানা - পীরগঞ্জ জেলা - রংপুর\r\n','আতাহার আলী','','জাহানারা বেগম','','','',NULL,57,NULL,NULL,NULL,'1992-10-01',4,NULL,NULL,69,'','','','','0000-00-00','','',NULL,NULL,1,4),(58,'1112-3295','মোঃ জিয়ারুল',20,20,'5394918','','','','','','',2,'2012-06-11','0000-00-00',1,'গ্রাম -কানিনগর পোঃ আহম্মদ নগর থানা - ঝিনাগাজী জেলা - শেরপুর\r\n','সংশের আলী','','জিবনা','','','',NULL,56,NULL,NULL,NULL,'1985-03-01',4,NULL,NULL,69,'','','','','0000-00-00','','',NULL,NULL,1,11),(59,'1212-3432','ফেরদৌসি আক্তার',20,20,'5404945','','','','','','',2,'2012-09-09','0000-00-00',1,'গ্রাম -ক্ষদ্রা শিধনী পোঃ বিষমপুর থানা - কমলা কান্দা জেলা - নেত্রকোনা\r\n','ফরিদ মিয়া','','আল্লাদুনেছা','','','',NULL,57,NULL,NULL,NULL,'1989-04-17',4,NULL,NULL,69,'','','','','0000-00-00','','',NULL,NULL,1,4),(60,'0113-3554','নার্গিস বেগম',20,20,'5406423','','','','','','',2,'2013-01-09','0000-00-00',1,'গ্রাম -তেতুলিয়া পোঃ তেতুলিয়া থানা - উল্লাপাড়া জেলা - সিরাজগঞ্জ\r\n','রেজাউল করিম','','হাজেরা বেগম','','','',NULL,57,NULL,NULL,NULL,'1985-05-17',4,NULL,NULL,69,'','','','','0000-00-00','','',NULL,NULL,1,4),(61,'0113-3573','রোজিনা বেগম',20,20,'5391566','','','','','','',2,'2012-01-13','0000-00-00',1,'গ্রাম -খোলাহাট পোঃ শানেরহাট থানা - পীরগঞ্জ জেলা - রংপুর\r\n','রোজিনা বেগম','','জরিনা বেগম','','','',NULL,57,NULL,NULL,NULL,'1982-05-10',4,NULL,NULL,69,'','','','','0000-00-00','','',NULL,NULL,1,4),(62,'0213-3657','সালেহা খাতুন',20,20,'5402343','','','','','','',2,'2013-02-09','0000-00-00',1,'গ্রাম -কুমারগাতী পোঃ মাজড়াকুরা থানা - হালুয়া ঘাট জেলা - ময়মনসিংহ\r\n','মৃত জয়নাল','','লাইলী বেগম','','','',NULL,57,NULL,NULL,NULL,'1993-01-18',4,NULL,NULL,69,'','','','','0000-00-00','','',NULL,NULL,1,4),(63,'0613-4026','নাসরিন আক্তার',20,20,'5404120','','','','','','',2,'2012-06-13','0000-00-00',1,'গ্রাম -শালিয়া পোঃ শালিয়া থানা - ফুলপুর জেলা - ময়মনসিংহ\r\n','আব্দুল হাই','','মারজিনা খাতুন','','','',NULL,57,NULL,NULL,NULL,'1994-03-25',4,NULL,NULL,69,'','','','','0000-00-00','','',NULL,NULL,1,4),(64,'0613-4036','আইরিন বেগম',20,20,'5390351','','','','','','',2,'2013-06-11','0000-00-00',1,'গ্রাম -বড়রসুলপুর পোঃ বাগদুয়ার থানা - পীরগঞ্জ জেলা - রংপুর\r\n','ইস্তাদুল','','মালেকা বেগম','','','',NULL,57,NULL,NULL,NULL,'1986-06-05',4,NULL,NULL,69,'','','','','0000-00-00','','',NULL,NULL,1,4),(65,'1113-4262','আঁখি আক্তার',20,20,'5402340','','','','','','',2,'2013-11-11','0000-00-00',1,'গ্রাম -ফরাজীপাড়া পোঃ ফারাজী পাড়া থানা - দেওয়ানগঞ্জ জেলা - জামালপুর\r\n','সুরুত আলী','','বানিয়া খাতুন','','','',NULL,57,NULL,NULL,NULL,'1990-01-10',4,NULL,NULL,69,'','','','','0000-00-00','','',NULL,NULL,1,4),(66,'1213-4332','সুরভী খাতুন',20,20,'5390354','','','','','','',2,'2013-12-18','0000-00-00',1,'গ্রাম -শিতলপুর পোঃ বাগদুয়ার থানা - পীরগঞ্জ জেলা - রংপুর\r\n','আফছার আলী','','মিনারা বেগম','','','',NULL,57,NULL,NULL,NULL,'1994-07-01',4,NULL,NULL,69,'','','','','0000-00-00','','',NULL,NULL,1,13),(67,'1213-4352','শাহানাজ বেগম',20,20,'5411139','','','','','','',2,'2013-12-26','0000-00-00',1,'গ্রাম -ভাংগামোড় পোঃ ভরতখালী থানা - সাঘাটা জেলা - গাইবান্ধা\r\n','রাজা রহমান','','দুলালী বেগম','','','',NULL,57,NULL,NULL,NULL,'1986-01-21',4,NULL,NULL,69,'','','','','0000-00-00','','',NULL,NULL,1,13),(68,'0114-4371','রূপালী বেগম',20,20,'8059745','','','','','','',2,'2014-01-14','0000-00-00',1,'গ্রাম -মাদারটারী পোঃ ধরনীবাড়ী থানা - উলিপুর জেলা - কুড়িগ্রাম\r\n','আলম মিয়া','','আছমা বেগম','','','',NULL,57,NULL,NULL,NULL,'1987-08-17',4,NULL,NULL,69,'','','','','0000-00-00','','',NULL,NULL,1,14),(69,'0114-4376','আলামিন মিয়া',20,20,'5395977','','','','','','',2,'2014-12-12','0000-00-00',1,'গ্রাম -হরিপুর পোঃ বাগদুয়ার থানা - পীরগঞ্জ জেলা - রংপুর\r\n','সুলতান আলী','','সুলতান আলী','','','',NULL,56,NULL,NULL,NULL,'1990-06-15',4,NULL,NULL,69,'','','','','0000-00-00','','',NULL,NULL,1,15),(70,'0114-4378','মিম বেগম',20,20,'5395978','','','','','','',2,'2014-01-11','0000-00-00',1,'গ্রাম -মির্জাপুর পোঃ ভেন্ডাবাড়ী থানা - পীরগঞ্জ জেলা - রংপুর\r\n','হাফিজার রহমান','','মাহমুদা বেগম','','','',NULL,57,NULL,NULL,NULL,'1992-02-05',4,NULL,NULL,69,'','','','','0000-00-00','','',NULL,NULL,1,9),(71,'0114-4379','মিতুলী বেগম',20,20,'5395981','','','','','','',2,'2014-01-13','0000-00-00',1,'গ্রাম -বগেরবাড়ী পোঃ বাগদুয়ার থানা - পীরগঞ্জ জেলা - রংপুর\r\n','মোস্তাফিজার','','আনোয়ারা বেগম','','','',NULL,57,NULL,NULL,NULL,'1995-02-28',4,NULL,NULL,69,'','','','','0000-00-00','','',NULL,NULL,1,16),(72,'0214-4416','হোসনে আরা',20,20,'5393613','','','','','','',2,'2014-02-02','0000-00-00',1,'গ্রাম -ধোপাকল পোঃ নরুলহুদা থানা - পার্বতীপুর জেলা - দিনাজপুর\r\n','মন্জুরুল','','মহুরা খাতুন','','','',NULL,57,NULL,NULL,NULL,'1982-09-18',4,NULL,NULL,69,'','','','','0000-00-00','','',NULL,NULL,1,9),(73,'0714-9388','মোঃ সোহাগ মিয়া',38,20,'5399678','','','','','','',NULL,'2014-07-01','0000-00-00',1,'','','','','','','',NULL,56,58,19,63,'1989-01-10',NULL,NULL,NULL,69,'138.103.163392','','','','0000-00-00','','',NULL,NULL,2,1);

/*Table structure for table `lh_amount_proll` */

DROP TABLE IF EXISTS `lh_amount_proll`;

CREATE TABLE `lh_amount_proll` (
  `id` int(11) NOT NULL AUTO_INCREMENT,
  `lh_proll_id` int(11) DEFAULT NULL,
  `day` double DEFAULT NULL,
  `hour` double DEFAULT NULL,
  `percentage_of_ah_proll_id` int(11) DEFAULT NULL,
  `amount_adj` double DEFAULT NULL,
  `start_from` date DEFAULT NULL,
  `end_to` date DEFAULT NULL,
  `is_active` int(11) DEFAULT NULL,
  `create_by` int(11) DEFAULT NULL,
  `create_time` datetime DEFAULT NULL,
  `update_by` int(11) DEFAULT NULL,
  `update_time` datetime DEFAULT NULL,
  PRIMARY KEY (`id`),
  KEY `FK_lh_amount_proll` (`lh_proll_id`),
  CONSTRAINT `FK_lh_amount_proll` FOREIGN KEY (`lh_proll_id`) REFERENCES `lh_proll` (`id`) ON DELETE CASCADE ON UPDATE CASCADE
) ENGINE=InnoDB DEFAULT CHARSET=utf8;

/*Data for the table `lh_amount_proll` */

/*Table structure for table `lh_proll` */

DROP TABLE IF EXISTS `lh_proll`;

CREATE TABLE `lh_proll` (
  `id` int(11) NOT NULL AUTO_INCREMENT,
  `paygrade_id` int(11) DEFAULT NULL,
  `title` varchar(255) DEFAULT NULL,
  PRIMARY KEY (`id`),
  KEY `FK_lh_proll` (`paygrade_id`),
  CONSTRAINT `FK_lh_proll` FOREIGN KEY (`paygrade_id`) REFERENCES `pay_grades` (`id`) ON DELETE CASCADE ON UPDATE CASCADE
) ENGINE=InnoDB DEFAULT CHARSET=utf8;

/*Data for the table `lh_proll` */

/*Table structure for table `lookup` */

DROP TABLE IF EXISTS `lookup`;

CREATE TABLE `lookup` (
  `id` int(10) NOT NULL AUTO_INCREMENT,
  `name` varchar(255) DEFAULT NULL,
  `code` int(10) DEFAULT NULL,
  `type` varchar(255) DEFAULT NULL,
  PRIMARY KEY (`id`)
) ENGINE=InnoDB AUTO_INCREMENT=95 DEFAULT CHARSET=latin1;

/*Data for the table `lookup` */

insert  into `lookup`(`id`,`name`,`code`,`type`) values (1,'ACTIVE',1,'is_active'),(2,'INACTIVE',2,'is_active'),(3,'NOT RECEIVED',5,'is_received'),(4,'RECEIVED',6,'is_received'),(5,'CURRENCY',7,'unit_type'),(6,'QUANTITY',8,'unit_type'),(7,'PENDING',9,'approved_status'),(8,'APPROVED',10,'approved_status'),(9,'COLOR',15,'color_or_size'),(10,'SIZE',16,'color_or_size'),(11,'MEASUREMENT',17,'unit_type'),(12,'WEIGHT',18,'unit_type'),(13,'NOT ADDED',21,'isAddedToInventory'),(14,'ADDED',22,'isAddedToInventory'),(15,'ALL NOT DELIVERED',23,'is_all_delivered'),(16,'ALL DELIVERED',24,'is_all_delivered'),(17,'PO',27,'voucher_type'),(18,'SO',28,'voucher_type'),(19,'POS',29,'voucher_type'),(20,'STOCK',30,'voucher_type'),(21,'DELIVERY VOUCHER',31,'voucher_type'),(22,'RECEIVE VOUCHER',32,'voucher_type'),(23,'PO',33,'operation_type'),(24,'SO',34,'operation_type'),(25,'POS',35,'operation_type'),(26,'ALL NOT RECEIVED',36,'is_all_received'),(27,'ALL RECEIVED',37,'is_all_received'),(30,'SO',40,'no_type'),(31,'POS',41,'no_type'),(32,'Dr',42,'amount_type'),(33,'Cr',43,'amount_type'),(34,'ESTABLISHED',44,'order_status'),(36,'CANCELED',45,'order_status'),(37,'COMPLAIN NO',46,'report_type'),(38,'ASSIGNED',47,'assign_status'),(39,'REVOKED',48,'assign_status'),(40,'PENDING',49,'work_status'),(41,'ANALYZING',50,'work_status'),(42,'DONE',51,'work_status'),(43,'UNDONE',52,'work_status'),(44,'WORKING',53,'work_status'),(45,'NOT EDIT/DELETABLE',1,'account_type'),(46,'EDIT/DELETABLE',2,'account_type'),(47,'Dr',3,'transaction_type'),(48,'Cr',4,'transaction_type'),(49,'JOURNAL',7,'voucher_type'),(50,'CONTRA',8,'voucher_type'),(51,'PAYMENT',9,'voucher_type'),(52,'RECEIPT',10,'voucher_type'),(53,'FIXED',11,'is_fixed'),(54,'NOT FIXED',12,'is_fixed'),(55,'EARNING',13,'ac_type'),(56,'DEDUCTION',14,'ac_type'),(57,'PENDING',15,'is_approved'),(58,'APPROVED',16,'is_approved'),(59,'DENIED',17,'is_approved'),(60,'ABSENT',18,'is_present'),(61,'PRESENT',19,'is_present'),(63,'CURRENT',20,'adv_pay_type'),(64,'LONG-TERM',21,'adv_pay_type'),(66,'PAY',22,'payOrReceive'),(67,'RECEIVE',23,'payOrReceive'),(68,'LOCAL',54,'local_import'),(69,'IMPORT',55,'local_import'),(70,'MALE',56,'gender'),(71,'FEMALE',57,'gender'),(72,'SINGLE',58,'marital_status'),(73,'MARRIED',59,'marital_status'),(74,'DIVORCED',60,'marital_status'),(75,'A (+ve)',61,'blood_group'),(76,'B (+ve)',62,'blood_group'),(77,'O (+ve)',63,'blood_group'),(78,'AB (+ve)',64,'blood_group'),(79,'AB (-ve)',65,'blood_group'),(80,'O (-ve)',66,'blood_group'),(81,'B (-ve)',67,'blood_group'),(82,'A (-ve)',68,'blood_group'),(83,'REGULAR',69,'employee_type'),(84,'PART-TIME',70,'employee_type'),(85,'FATHER',71,'spouse_relation'),(86,'MOTHER',72,'spouse_relation'),(87,'SISTER',73,'spouse_relation'),(88,'BROTHER',74,'spouse_relation'),(89,'HUSBAND',75,'spouse_relation'),(90,'WIFE',76,'spouse_relation'),(91,'UNCLE',77,'spouse_relation'),(92,'OTHER',78,'spouse_relation'),(93,'MONTHLY',79,'earn_deduct_type'),(94,'DAILY',80,'earn_deduct_type');

/*Table structure for table `manual` */

DROP TABLE IF EXISTS `manual`;

CREATE TABLE `manual` (
  `id` int(11) NOT NULL AUTO_INCREMENT,
  `name` varchar(255) DEFAULT NULL,
  `desc` text,
  PRIMARY KEY (`id`)
) ENGINE=InnoDB AUTO_INCREMENT=15 DEFAULT CHARSET=utf8;

/*Data for the table `manual` */

insert  into `manual`(`id`,`name`,`desc`) values (1,'Product Information','Configure -> Products\r\n\r\nThen\r\n\r\nAdd Category, Sub-Category, Code, Model, Brand, Color, Size ETC\r\n\r\n<i>\r\nyou can add product code manually OR automatic by selecting \"Manufacturer\"\r\n</i>\r\n'),(2,'Sale Price','Configure -> Add sale price\r\n\r\n<u>OR</u>\r\n\r\nYou can add sale price while adding Products, check carefully,\r\n\r\nthere is a BLUE BUTTON named \"Add Sale Price\", after adding that product info.\r\n\r\nALSO,\r\n\r\nyou can add sale price from sale order window'),(3,'Add Products To The Inventory','There are two ways for adding the product to your inventory stock,\r\n\r\n<ol>\r\n<li>Adding through by purchasing products and approving then by <font =\'red\'><b><i>add to inventory option</i></b></font> (exist in the menu-> purchase)</li>\r\n<li>And Adding through manual</li>\r\n</ol>\r\n\r\n<b>1</b>. If products are purchased, then by approving process and add to inventory option, they will be automatically added to the inventory stock.\r\n\r\n<b>2</b>. If you want to add products into the inventory stock by manual, go through manu-> inventory -> manual stock entry'),(4,'Sale the products','Sale through \"Credit Sale (Sale Order) then Deliver\"\r\n\r\n<u>OR</u>\r\n\r\nSale through \"Quick Sale (POS)\" if you want to sale products through the retail process.'),(5,'Reports','All reports will be available in Manu -> Reports \r\n\r\nHere you can find these options-\r\n\r\n<ol>\r\n<li>Date Wise, Party Wise, Store Wise, Product Wise (For, Purchase, Credit Sales (Sale Order) AND Quick Sale (POS))</li>\r\n<li>Purchase-Sales Combined Report</li>\r\n<li>Stock Report (Product Quantity In Hand)</li>\r\n<li>Stock Report (Amount($) Of Product In Hand)</li>\r\n<li>Product Cost-Revenue Report</li>\r\n<li>Party Ledger (Customer AND Supplier)</li>\r\n<li>Costing Price (Product Wise)</li>\r\n<li>Make A Product Proposal For Your Company (Extra)</li>\r\n</ol>'),(6,'Sale Price Editable','If you want to edit sale prices while sales, you can turn this option <b><i>ON</i></b> from configure->sale price editable Option'),(7,'Customer Available Balance Validation','If you want that, the software will check the customer\'s available balance in your company, and if his/her available balance is zero, you want that software will stop the sale process and notify you that his/her available balance is zero, can not sale to him.\r\n\r\n\r\nIf you want above type of scenario in you software, simply turn this option <b></i>ON</i></b> from configure -> customer AB'),(8,'Discount Type','You can set the Discount Type to AMOUNT/ PERCENTAGE, from\r\nconfigure -> Discount Type (If one is activate, the other will be automatically inactivated)'),(9,'Costing Method','You can choose your product costing price methods ( LIFO / FIFO / AVERAGE ), you can active you desired method from\r\n\r\nconfigure -> costing method'),(10,'Touch Pad','If you use touch screen for POS, simply turn ON touch pad from\r\n\r\nConfigure -> Touch Pad ON/OFF'),(11,'Number Format','Set your Purchase Order , Sale Order , POS , Delivery/Challan Voucher AND Purchase Receive Voucher Number Formats from\r\n\r\nConfigure -> Number Format'),(12,'Time Range For Edit / Delete','You can set the time range for update/edit and delete your transaction data (Purchase Order, Sale Order, Quick Sale) from\r\n\r\nConfigure -> Time Range EDIT / DELETE'),(13,'Product Description For Vouchers','You can choose which product options will be shown in you vouchers ( Brand, Model, Additional Features, Color, Sizes ETC ) \r\n\r\nfrom Configure -> Prod Desc For Report'),(14,'Software Basic Setup','<u>If you are not understanding the process, do the following</u>\r\n\r\n<i>All the options will brief here, will found in menu -> configure (Check Carefully)</i>\r\n\r\n<b>First Of All</b>\r\n\r\n<ol>\r\n<li>Configure Your Company Information</li>\r\n<li>Configure Your Supplier AND Customer</li>\r\n<li>Create Your Stores</li>\r\n<li>Assign Your Stores To A User <b><i>( If You are a super admin, no need to assign, you have all the access of all process that means, you can have the access to all stores )</i></b></li>\r\n<li>Setup Your Products</li>\r\n<li>Set Your Product Sale Prices</li>\r\n<li>Add Product To Your Inventory Through Purchase -> Receive -> Approve -> Add To Inventory <b><i>OR</i></b> By Manual Stock Entry ( From Menu, Inventory - > Manual Stock Entry )</li>\r\n<li>Sale Through Sale Order (Credit Sale) -> Delivery <b><i>OR</i></b> By Quick Sale (POS) </li>\r\n<li>Generate Report (From menu, Reports)</li>\r\n</ol>\r\n\r\n\r\nWow.. you just ran the software as it should be. Thanks for being patient.  :) ');

/*Table structure for table `months` */

DROP TABLE IF EXISTS `months`;

CREATE TABLE `months` (
  `id` int(11) NOT NULL AUTO_INCREMENT,
  `month_name` varchar(10) DEFAULT NULL,
  `code` varchar(2) DEFAULT NULL,
  `short_name` varchar(3) DEFAULT NULL,
  `bangla_name` varchar(255) DEFAULT NULL,
  PRIMARY KEY (`id`)
) ENGINE=InnoDB AUTO_INCREMENT=13 DEFAULT CHARSET=utf8;

/*Data for the table `months` */

insert  into `months`(`id`,`month_name`,`code`,`short_name`,`bangla_name`) values (1,'JANUARY','01','JAN','জানুয়ারী'),(2,'FEBRUARY','02','FEB','ফেব্রুয়ারী'),(3,'MARCH','03','MAR','মার্চ'),(4,'APRIL','04','APR','এপ্রিল'),(5,'MAY','05','MAY','মে'),(6,'JUNE','06','JUN','জুন'),(7,'JULY','07','JLY','জুলাই'),(8,'AUGUST','08','AUG','আগষ্ট'),(9,'SEPTEMBER','09','SEP','সেপ্টেম্বর'),(10,'OCTOBER','10','OCT','অক্টোবর'),(11,'NOVEMBER','11','NOV','নভেম্বর'),(12,'DECEMBER','12','DEC','ডিসেম্বর');

/*Table structure for table `ot_rate` */

DROP TABLE IF EXISTS `ot_rate`;

CREATE TABLE `ot_rate` (
  `id` int(11) NOT NULL AUTO_INCREMENT,
  `paygrade_id` int(11) DEFAULT NULL,
  `percentage_of_ah_proll_id` int(11) DEFAULT NULL,
  `amount_adj` double DEFAULT NULL,
  PRIMARY KEY (`id`),
  KEY `FK_ot_rate` (`paygrade_id`)
) ENGINE=InnoDB AUTO_INCREMENT=2 DEFAULT CHARSET=utf8;

/*Data for the table `ot_rate` */

insert  into `ot_rate`(`id`,`paygrade_id`,`percentage_of_ah_proll_id`,`amount_adj`) values (1,1,1,19.230769230769);

/*Table structure for table `pay_grades` */

DROP TABLE IF EXISTS `pay_grades`;

CREATE TABLE `pay_grades` (
  `id` int(11) NOT NULL AUTO_INCREMENT,
  `title` varchar(255) DEFAULT NULL,
  PRIMARY KEY (`id`)
) ENGINE=InnoDB AUTO_INCREMENT=32 DEFAULT CHARSET=utf8;

/*Data for the table `pay_grades` */

insert  into `pay_grades`(`id`,`title`) values (4,'4(6420)'),(8,'4(6600)'),(9,'6(6500)'),(10,'5(6042)'),(11,'4(7200)'),(12,'4(6800)'),(13,'5(6300)'),(14,'6(6000)'),(15,'5(7100)'),(16,'6(6700)'),(17,'5(6420)'),(18,'7(5300)'),(19,'3(7100)'),(20,'3(7000)'),(21,'4(7000)'),(22,'5(7000)'),(24,'4(6700)'),(25,'4(6900)'),(26,'5(6800)'),(27,'5(6050)'),(28,'3(7200)'),(29,'4(6900)'),(30,'3(6900)'),(31,'6(6600)');

/*Table structure for table `rights` */

DROP TABLE IF EXISTS `rights`;

CREATE TABLE `rights` (
  `itemname` varchar(64) NOT NULL,
  `type` int(11) NOT NULL,
  `weight` int(11) NOT NULL,
  PRIMARY KEY (`itemname`),
  CONSTRAINT `rights_ibfk_1` FOREIGN KEY (`itemname`) REFERENCES `authitem` (`name`) ON DELETE CASCADE ON UPDATE CASCADE
) ENGINE=InnoDB DEFAULT CHARSET=utf8;

/*Data for the table `rights` */

/*Table structure for table `sections` */

DROP TABLE IF EXISTS `sections`;

CREATE TABLE `sections` (
  `id` int(11) NOT NULL AUTO_INCREMENT,
  `title` varchar(255) DEFAULT NULL,
  PRIMARY KEY (`id`)
) ENGINE=InnoDB AUTO_INCREMENT=9 DEFAULT CHARSET=utf8;

/*Data for the table `sections` */

insert  into `sections`(`id`,`title`) values (4,'সুইং'),(5,'ফিনিশিং'),(6,'কোয়ালিটি'),(7,'কাটিং'),(8,'লোডিং');

/*Table structure for table `sections_sub` */

DROP TABLE IF EXISTS `sections_sub`;

CREATE TABLE `sections_sub` (
  `id` int(11) NOT NULL AUTO_INCREMENT,
  `section_id` int(11) DEFAULT NULL,
  `title` varchar(255) DEFAULT NULL,
  PRIMARY KEY (`id`),
  KEY `FK_sections_sub` (`section_id`),
  CONSTRAINT `FK_sections_sub` FOREIGN KEY (`section_id`) REFERENCES `sections` (`id`) ON DELETE CASCADE ON UPDATE CASCADE
) ENGINE=InnoDB DEFAULT CHARSET=utf8;

/*Data for the table `sections_sub` */

/*Table structure for table `shift_heads` */

DROP TABLE IF EXISTS `shift_heads`;

CREATE TABLE `shift_heads` (
  `id` int(11) NOT NULL AUTO_INCREMENT,
  `title` varchar(255) DEFAULT NULL,
  `in_time` varchar(255) DEFAULT NULL,
  `out_time` varchar(255) DEFAULT NULL,
  PRIMARY KEY (`id`)
) ENGINE=InnoDB AUTO_INCREMENT=4 DEFAULT CHARSET=utf8;

/*Data for the table `shift_heads` */

insert  into `shift_heads`(`id`,`title`,`in_time`,`out_time`) values (1,'Shift A','08:00','17:00'),(2,'Shift B','12:00','16:00'),(3,'Normal Shift','10:00','18:00');

/*Table structure for table `stuff_cat` */

DROP TABLE IF EXISTS `stuff_cat`;

CREATE TABLE `stuff_cat` (
  `id` int(11) NOT NULL AUTO_INCREMENT,
  `title` varchar(255) DEFAULT NULL,
  PRIMARY KEY (`id`)
) ENGINE=InnoDB AUTO_INCREMENT=3 DEFAULT CHARSET=utf8;

/*Data for the table `stuff_cat` */

insert  into `stuff_cat`(`id`,`title`) values (1,'Stuff Cat One'),(2,'Stuff Cat Two');

/*Table structure for table `stuff_sub_cat` */

DROP TABLE IF EXISTS `stuff_sub_cat`;

CREATE TABLE `stuff_sub_cat` (
  `id` int(11) NOT NULL AUTO_INCREMENT,
  `stuff_cat_id` int(11) DEFAULT NULL,
  `title` varchar(255) DEFAULT NULL,
  PRIMARY KEY (`id`),
  KEY `FK_stuff_sub_cat` (`stuff_cat_id`),
  CONSTRAINT `FK_stuff_sub_cat` FOREIGN KEY (`stuff_cat_id`) REFERENCES `stuff_cat` (`id`) ON DELETE CASCADE ON UPDATE CASCADE
) ENGINE=InnoDB AUTO_INCREMENT=5 DEFAULT CHARSET=utf8;

/*Data for the table `stuff_sub_cat` */

insert  into `stuff_sub_cat`(`id`,`stuff_cat_id`,`title`) values (1,1,'Stuff Sub Cat One'),(2,2,'Stuff Sub Cat Two'),(3,2,'Stuff Sub Cat Three'),(4,1,'Stuff Sub Cat Four');

/*Table structure for table `teams` */

DROP TABLE IF EXISTS `teams`;

CREATE TABLE `teams` (
  `id` int(11) NOT NULL AUTO_INCREMENT,
  `title` varchar(255) DEFAULT NULL,
  `details` varchar(255) DEFAULT NULL,
  PRIMARY KEY (`id`)
) ENGINE=InnoDB AUTO_INCREMENT=15 DEFAULT CHARSET=utf8;

/*Data for the table `teams` */

insert  into `teams`(`id`,`title`,`details`) values (2,'এ',''),(3,'বি',''),(4,'সি',''),(5,'ডি',''),(6,'ই',''),(7,'এফ',''),(8,'জি',''),(9,'এইচ',''),(10,'আই',''),(11,'জে',''),(12,'কে',''),(13,'এল',''),(14,'নাই','');

/*Table structure for table `users` */

DROP TABLE IF EXISTS `users`;

CREATE TABLE `users` (
  `id` int(100) NOT NULL AUTO_INCREMENT,
  `employee_id` int(11) NOT NULL,
  `username` varchar(255) NOT NULL,
  `password` varchar(255) NOT NULL,
  `create_by` varchar(255) DEFAULT NULL,
  `create_time` datetime DEFAULT NULL,
  `update_by` varchar(255) DEFAULT NULL,
  `update_time` datetime DEFAULT NULL,
  PRIMARY KEY (`id`)
) ENGINE=InnoDB AUTO_INCREMENT=4 DEFAULT CHARSET=latin1;

/*Data for the table `users` */

insert  into `users`(`id`,`employee_id`,`username`,`password`,`create_by`,`create_time`,`update_by`,`update_time`) values (1,1,'superadmin','17c4520f6cfd1ab53d8745e84681eb49',NULL,NULL,'superadmin','2014-05-28 23:20:30'),(2,2,'tanim123','12f3315cf1ba3c9164ecceea3bbf3a86','superadmin','2014-09-16 22:43:48',NULL,NULL),(3,1,'adminadmin','a4a46434d69427240e05721b14e0e685','superadmin','2014-10-08 19:13:29','superadmin','2014-10-08 19:19:46');

/*Table structure for table `working_day` */

DROP TABLE IF EXISTS `working_day`;

CREATE TABLE `working_day` (
  `id` int(11) NOT NULL AUTO_INCREMENT,
  `year` int(4) DEFAULT NULL,
  `month_id` int(2) DEFAULT NULL,
  `days_of_month` int(2) DEFAULT NULL,
  `working_day` double DEFAULT NULL,
  `working_hour_per_day` double DEFAULT NULL,
  PRIMARY KEY (`id`)
) ENGINE=InnoDB AUTO_INCREMENT=3 DEFAULT CHARSET=utf8;

/*Data for the table `working_day` */

insert  into `working_day`(`id`,`year`,`month_id`,`days_of_month`,`working_day`,`working_hour_per_day`) values (1,2014,9,30,26,NULL),(2,2014,10,31,26,NULL);

/*Table structure for table `years` */

DROP TABLE IF EXISTS `years`;

CREATE TABLE `years` (
  `id` int(11) NOT NULL AUTO_INCREMENT,
  `year_name` int(4) DEFAULT NULL,
  PRIMARY KEY (`id`)
) ENGINE=InnoDB AUTO_INCREMENT=9 DEFAULT CHARSET=utf8;

/*Data for the table `years` */

insert  into `years`(`id`,`year_name`) values (1,2013),(2,2014),(3,2015),(4,2016),(5,2017),(6,2018),(7,2019),(8,2020);

/*Table structure for table `your_company` */

DROP TABLE IF EXISTS `your_company`;

CREATE TABLE `your_company` (
  `id` int(11) NOT NULL AUTO_INCREMENT,
  `company_name` varchar(50) DEFAULT NULL,
  `location` varchar(50) DEFAULT NULL,
  `road` varchar(20) DEFAULT NULL,
  `house` varchar(50) DEFAULT NULL,
  `contact` varchar(20) DEFAULT NULL,
  `email` varchar(50) DEFAULT NULL,
  `web` varchar(50) DEFAULT NULL,
  `is_active` int(11) DEFAULT '1',
  PRIMARY KEY (`id`)
) ENGINE=InnoDB AUTO_INCREMENT=3 DEFAULT CHARSET=utf8;

/*Data for the table `your_company` */

insert  into `your_company`(`id`,`company_name`,`location`,`road`,`house`,`contact`,`email`,`web`,`is_active`) values (2,'নেটওয়ার্ক ক্লথিং লিমিটেড','চৌধুরীবাড়ী, ভোগড়া, গাজীপুর','নাই','নাই','01719361079','info@nclbd.net','',1);

/*!40101 SET SQL_MODE=@OLD_SQL_MODE */;
/*!40014 SET FOREIGN_KEY_CHECKS=@OLD_FOREIGN_KEY_CHECKS */;
